Rk,Name,Age,Tm,G,PA,Rbat,Rbaser,Rdp,Rfield,Rpos,RAA,WAA,Rrep,RAR,WAR,waaWL%,162WL%,oWAR,dWAR,oRAR,Salary,Acquired,Pos Summary,Name-additional
1,CJ Abrams*,22,WSN,151,614,-5,4,3,4,9,14,1.4,21,35,3.4,.509,.509,3.0,1.3,31,$724200,Traded,*6/H,abramcj01
2,José Abreu,36,HOU,141,594,-8,-2,-1,-1,-7,-19,-1.9,20,1,0.0,.486,.488,0.1,-0.8,2,$19500000,Free Agency,*3/D,abreujo02
3,Wilyer Abreu*,24,BOS,28,85,3,0,0,2,0,5,0.5,3,8,0.8,.517,.503,0.6,0.2,6,,Traded,87/H9D,abreuwi02
4,Ronald Acuña Jr.,25,ATL,159,735,63,7,-1,-2,-5,63,6.1,23,86,8.2,.538,.538,8.5,-0.7,88,$17000000,Amateur Free Agent,*9/D,acunaro01
5,Willy Adames,27,MIL,149,638,-5,-3,0,8,9,10,1.0,21,31,3.0,.507,.506,2.2,1.7,23,$8700000,Traded,*6/D,adamewi01
6,Jordyn Adams,23,LAA,17,40,-6,-1,0,-1,0,-8,-0.9,1,-7,-0.7,.450,.495,-0.6,-0.1,-6,,Amateur Draft,/98H7,adamsjo03
7,Riley Adams,27,WSN,44,158,3,-1,-1,1,3,5,0.5,5,11,1.0,.512,.503,1.0,0.4,10,$728800,Traded,2/HD,adamsri03
8,Ty Adcock,26,SEA,1,0,0,0,0,0,0,0,0.0,0,0,0.0,.500,.500,0.0,0.0,0,,Amateur Draft,1,adcocty01
9,Jo Adell,24,LAA,17,62,-2,0,0,3,0,1,0.1,2,3,0.3,.507,.501,0.0,0.3,0,,Amateur Draft,/987DH,adelljo01
10,Ehire Adrianza#,33,ATL,5,11,-2,0,0,-1,0,-3,-0.3,0,-3,-0.3,.432,.498,-0.2,-0.1,-2,$1000000,Traded,/H6,adriaeh01
11,Jesús Aguilar,33,OAK,36,115,-3,-1,-1,-3,-2,-9,-0.9,4,-5,-0.6,.474,.494,-0.3,-0.5,-2,$3000000,Free Agency,3/DH,aguilje01
12,Nick Ahmed,33,ARI,72,210,-14,1,1,1,3,-8,-0.8,7,-1,-0.1,.489,.495,-0.2,0.4,-2,$10375000,Traded,6H/D,ahmedni01
13,Hanser Alberto,30,CHW,30,90,-3,0,1,1,1,0,0.0,3,3,0.3,.499,.500,0.2,0.2,2,$454285,Free Agency,54/31H,alberha01
14,Ozzie Albies#,26,ATL,148,660,16,5,1,0,5,27,2.7,21,49,4.7,.518,.517,4.7,0.5,49,$7000000,Amateur Free Agent,*4,albieoz01
15,Scott Alexander*,33,SFG,1,0,0,0,0,0,0,0,0.0,0,0,0.0,.500,.500,0.0,0.0,0,$1200000,Free Agency,1,alexasc02
16,Jorge Alfaro,30,2TM,18,52,-5,0,0,0,0,-6,-0.6,2,-4,-0.4,.466,.498,-0.5,0.0,-4,,Free Agency,/2DH,alfarjo01
17,Greg Allen#,30,NYY,22,28,1,0,0,-2,-1,-1,-0.1,1,0,0.0,.495,.499,0.2,-0.3,2,,Traded,7H/98D,allengr01
18,Nick Allen,24,OAK,106,329,-17,1,-1,3,5,-8,-0.8,11,3,0.3,.492,.495,0.0,0.9,0,$720000,Amateur Draft,6/H4D,allenni02
19,Abraham Almonte#,34,NYM,8,16,-3,0,0,-1,0,-4,-0.4,1,-3,-0.3,.450,.498,-0.2,-0.1,-2,,Free Agency,/HD79,almonab01
20,Pete Alonso,28,NYM,154,658,16,-2,-1,6,-8,11,1.1,22,33,3.2,.507,.507,2.6,-0.2,27,$14500000,Amateur Draft,*3/D,alonspe01
21,Jose Altuve,33,HOU,90,410,24,2,0,-13,3,16,1.6,13,29,2.8,.517,.509,4.1,-1.0,41,$29000000,Amateur Free Agent,4/DH,altuvjo01
22,Jake Alu*,26,WSN,51,175,-7,0,1,-1,0,-7,-0.7,6,-1,-0.1,.486,.496,0.0,-0.1,0,,Amateur Draft,74/5H,aluja01
23,Francisco Alvarez,21,NYM,123,423,-4,-2,-1,-4,7,-4,-0.4,14,11,1.0,.497,.498,1.4,0.3,15,,Free Agency,2H/D,alvarfr01
24,Yordan Alvarez*,26,HOU,114,496,42,-4,0,-1,-7,30,3.0,16,47,4.6,.526,.519,4.7,-0.9,48,$7833333,Traded,D7/H,alvaryo01
25,Jacob Amaya,24,MIA,4,9,-1,0,0,0,0,0,0.0,0,0,0.0,.489,.500,0.0,0.0,0,,Traded,/64,amayaja01
26,Miguel Amaya,24,CHC,53,156,-3,0,0,-2,2,-3,-0.3,5,3,0.2,.495,.498,0.4,0.0,5,,Free Agency,2/DH,amayami01
27,Brian Anderson,30,MIL,96,361,-6,-3,-2,4,0,-6,-0.7,12,6,0.5,.493,.496,0.1,0.4,2,$3500000,Free Agency,59/HD,anderbr06
28,Tim Anderson,30,CHW,123,524,-28,2,-1,-16,7,-37,-3.7,18,-19,-2.0,.470,.477,-0.4,-0.9,-3,$12500000,Amateur Draft,*6/H4,anderti01
29,Elvis Andrus,34,CHW,112,406,-10,0,0,-3,5,-8,-0.8,14,6,0.6,.493,.495,0.9,0.2,9,$3000000,Free Agency,46/H5D,andruel01
30,Miguel Andujar,28,PIT,30,90,1,0,1,-3,-1,-3,-0.3,3,1,0.0,.492,.498,0.3,-0.4,4,$1525000,Waivers,9/HD7,andujmi01
31,Jonathan Aranda*,25,TBR,34,103,-1,-1,0,1,-1,-1,-0.1,4,2,0.2,.497,.499,0.1,0.0,1,,Free Agency,D3H/45,arandjo01
32,Jonathan Araúz#,24,NYM,27,66,-6,0,0,0,1,-5,-0.5,2,-3,-0.3,.481,.497,-0.3,0.1,-3,,Waivers,5/46H,arauzjo01
33,Orlando Arcia,28,ATL,139,533,-2,1,-1,-6,8,-1,-0.1,18,17,1.6,.499,.499,2.2,0.2,23,$2300000,Traded,*6/H,arciaor01
34,Nolan Arenado,32,STL,144,612,7,-3,-2,1,2,4,0.4,21,25,2.4,.503,.503,2.3,0.3,24,$35000000,Traded,*5D/H,arenano01
35,Gabriel Arias,23,CLE,122,345,-11,-1,0,0,1,-12,-1.2,12,0,-0.1,.490,.492,-0.1,0.1,0,$720100,Traded,63H95/D4,ariasga01
36,Randy Arozarena,28,TBR,151,654,19,-3,-1,4,-5,13,1.4,22,35,3.5,.509,.508,3.1,-0.1,31,$4150000,Traded,*7D/H,arozara01
37,Luis Arráez*,26,MIA,147,617,25,-1,-1,2,4,29,2.9,21,50,4.9,.520,.518,4.7,0.6,48,$6100000,Traded,*43/HD,arraelu01
38,Christian Arroyo,28,BOS,66,206,-9,-1,-1,1,2,-9,-0.9,7,-2,-0.2,.487,.495,-0.3,0.3,-3,$2000000,Waivers,4/H56,arroych01
39,José Azocar,27,SDP,55,102,-3,1,0,0,-1,-2,-0.2,3,1,0.1,.496,.499,0.1,-0.1,1,$723700,Free Agency,98H/7D,azocajo01
40,Akil Baddoo*,24,DET,112,357,-7,2,2,2,-4,-6,-0.6,12,7,0.6,.495,.496,0.4,-0.1,5,,Rule 5 Draft,7H/8D9,baddoak01
41,Harrison Bader,29,2TM,98,344,-16,3,1,4,2,-6,-0.6,12,6,0.6,.494,.499,0.1,0.7,2,,Waivers,8/HD,baderha01
42,Ji Hwan Bae*,23,PIT,111,371,-16,1,4,-8,4,-15,-1.6,13,-3,-0.4,.486,.490,0.5,-0.5,5,$725000,Free Agency,48H/6,baeji01
43,Javier Báez,30,DET,136,547,-24,2,0,2,7,-12,-1.2,19,6,0.6,.491,.492,0.3,1.0,4,$22000000,Free Agency,*6/DH,baezja01
44,Patrick Bailey#,24,SFG,97,353,-11,-1,0,2,6,-3,-0.3,12,9,0.8,.497,.498,0.6,0.8,7,,Amateur Draft,2/HD,bailepa01
45,Bryan Baker,28,BAL,2,0,0,0,0,0,0,0,0.0,0,0,0.0,.500,.500,0.0,0.0,0,$729000,Waivers,1,bakerbr01
46,Luken Baker,26,STL,33,99,-2,-1,0,-2,-2,-7,-0.8,3,-4,-0.4,.477,.495,-0.2,-0.4,-2,,Amateur Draft,D3/H,bakerlu01
47,Rylan Bannon,27,HOU,2,6,-2,0,0,0,0,-2,-0.2,0,-2,-0.2,.409,.499,-0.2,0.0,-2,,Waivers,/4D,bannory01
48,Scott Barlow,30,KCR,1,0,0,0,0,0,0,0,0.0,0,0,0.0,.500,.500,0.0,0.0,0,$5300000,Free Agency,1,barlosc01
49,Austin Barnes,33,LAD,59,200,-16,-1,0,-3,4,-17,-1.8,7,-10,-1.1,.470,.489,-0.8,0.1,-7,$3500000,Traded,2/H4D,barneau01
50,Tucker Barnhart*,32,CHC,43,123,-8,0,-1,-3,3,-9,-0.9,4,-5,-0.6,.478,.494,-0.3,-0.1,-2,$3250000,Free Agency,2/1H,barnhtu01
51,Tres Barrera,28,STL,6,2,-1,0,0,0,0,-1,-0.1,0,0,0.0,.492,.500,0.0,0.0,0,,,/2H,barretr01
52,Jose Barrero,25,CIN,46,149,-7,0,0,-5,2,-10,-1.0,5,-5,-0.5,.479,.494,0.0,-0.3,0,$730000,Amateur Free Agent,68/HD,garcijo02
53,Joey Bart,26,SFG,30,95,-7,0,1,-3,2,-7,-0.7,3,-4,-0.4,.475,.495,-0.1,-0.1,-1,$735000,Amateur Draft,2/H,bartjo01
54,Osleivis Basabe,22,TBR,31,94,-4,-1,0,3,1,0,0.1,3,4,0.4,.501,.500,0.0,0.4,1,,Traded,6/5H497,basabos01
55,Matthew Batten,28,SDP,43,139,0,1,1,-4,1,-1,-0.1,5,4,0.4,.499,.500,0.8,-0.4,8,,Amateur Draft,45/3HD6,battema01
56,Brett Baty*,23,NYM,108,389,-16,-1,0,-5,2,-20,-2.0,13,-6,-0.8,.482,.488,-0.2,-0.3,-1,,Amateur Draft,5/HD7,batybr01
57,Jake Bauers*,27,NYY,84,272,-5,-2,1,-9,-3,-18,-1.8,9,-9,-0.9,.478,.489,0.0,-1.2,0,,Purchased,973H/D,bauerja01
58,Mike Baumann,27,BAL,1,0,0,0,0,0,0,0,0.0,0,0,0.0,.500,.500,0.0,0.0,0,$722300,Amateur Draft,1,baumami01
59,Matt Beaty*,30,2TM,30,72,-1,-1,0,-1,-2,-4,-0.4,2,-1,-0.2,.487,.498,-0.1,-0.3,0,$1250000,Free Agency,3/HD9,beatyma01
60,Josh Bell#,30,2TM,150,617,2,-3,0,-5,-11,-16,-1.6,21,5,0.4,.489,.494,0.9,-1.6,10,$16500000,Free Agency,D3/H,belljo02
61,Cody Bellinger*,27,CHC,130,556,23,0,2,2,-1,26,2.6,19,45,4.4,.520,.516,4.2,0.1,43,$12500000,Free Agency,83/DH,bellico01
62,Brandon Belt*,35,TOR,103,404,19,-2,-1,-2,-7,7,0.7,14,20,2.0,.506,.504,2.2,-0.9,22,$9300000,Free Agency,D3/H,beltbr01
63,Anthony Bemboom*,33,BAL,6,13,-1,0,0,0,0,-1,-0.1,0,0,0.0,.490,.500,0.0,0.0,0,$900000,Free Agency,/2,bemboan01
64,Andrew Benintendi*,28,CHW,151,621,-11,1,-1,-3,-5,-18,-1.8,21,3,0.2,.488,.489,0.5,-0.8,6,$8600000,Free Agency,*7/HD,beninan01
65,Will Benson*,25,CIN,108,329,13,-1,1,-3,-4,6,0.6,11,17,1.6,.505,.504,1.9,-0.7,20,$720000,Traded,97H/D8,bensowi01
66,José Berríos,29,TOR,1,0,0,0,0,0,0,0,0.0,0,0,0.0,.500,.500,0.0,0.0,0,$15714285,Traded,1,berrijo01
67,Jon Berti,33,MIA,133,424,1,0,0,5,4,10,1.0,14,25,2.4,.508,.506,1.9,0.9,20,$2100000,Free Agency,65H74/D9,bertijo01
68,Christian Bethancourt,31,TBR,104,332,-10,1,-1,0,6,-4,-0.4,11,8,0.7,.496,.498,0.7,0.7,8,$1350000,Traded,2/HD1,bethach01
69,Mookie Betts,30,LAD,152,693,55,1,0,9,0,64,6.3,22,86,8.3,.541,.539,7.5,0.8,77,$25416667,Traded,946/H,bettsmo01
70,Bo Bichette,25,TOR,135,601,19,-2,0,5,8,30,3.1,19,49,4.9,.522,.519,4.4,1.3,44,$3933333,Amateur Draft,*6/DH,bichebo01
71,Cavan Biggio*,28,TOR,111,338,0,1,1,-5,-1,-4,-0.4,12,8,0.8,.497,.498,1.3,-0.6,13,$2800000,Amateur Draft,4H935/D6,biggica01
72,Charlie Blackmon*,36,COL,96,413,4,0,0,2,-6,0,0.0,14,14,1.3,.500,.500,1.1,-0.4,12,$15000000,Amateur Draft,D9/H,blackch02
73,Dairon Blanco,30,KCR,69,138,3,2,0,4,-3,7,0.7,5,12,1.2,.510,.504,0.8,0.2,8,,Traded,79H/8D,blancda02
74,Travis Blankenhorn*,26,WSN,10,37,-2,0,0,0,0,-2,-0.2,1,-1,-0.1,.478,.499,-0.1,0.0,-1,,Free Agency,/79,blanktr01
75,JJ Bleday*,25,OAK,82,303,-2,-1,0,-5,-1,-10,-1.0,10,1,0.0,.488,.494,0.5,-0.6,5,,Traded,789/HD,bledajj01
76,Xander Bogaerts,30,SDP,155,665,16,3,0,-4,8,23,2.3,22,46,4.4,.515,.514,4.8,0.4,50,$25454545,Free Agency,*6/DH,bogaexa01
77,Alec Bohm,26,PHI,145,611,5,-3,-4,-12,-2,-15,-1.5,21,6,0.4,.490,.491,1.7,-1.4,18,$748000,Amateur Draft,53/DH,bohmal01
78,Sean Bouchard,27,COL,21,43,5,-1,0,1,-1,4,0.4,1,6,0.6,.521,.503,0.5,0.0,5,,Amateur Draft,9/H7D,bouchse01
79,Jackie Bradley Jr.*,33,KCR,43,113,-13,0,1,4,0,-7,-0.7,4,-3,-0.3,.483,.496,-0.8,0.4,-7,$362925,Free Agency,89/7H,bradlja02
80,Michael Brantley*,36,HOU,15,57,0,0,0,1,-1,-1,-0.1,2,1,0.1,.495,.499,0.0,0.0,0,$12000000,Free Agency,7/DH,brantmi02
81,Matt Brash,25,SEA,1,0,0,0,0,0,0,0,0.0,0,0,0.0,.500,.500,0.0,0.0,0,$725800,Traded,1,brashma01
82,Ryan Brasier,35,LAD,1,0,0,0,0,0,0,0,0.0,0,0,0.0,.500,.500,0.0,0.0,0,,Free Agency,1,brasiry01
83,Alex Bregman,29,HOU,161,724,21,-1,-4,5,4,26,2.7,23,49,4.9,.516,.516,4.3,1.0,44,$30500000,Amateur Draft,*5/D,bregmal01
84,Will Brennan*,25,CLE,138,455,-9,1,2,0,-4,-10,-1.0,16,6,0.5,.493,.494,0.5,-0.4,6,$720100,Amateur Draft,*9H8/7D,brennwi02
85,Jonah Bride,27,OAK,40,106,-6,-1,0,0,0,-8,-0.8,4,-4,-0.4,.480,.495,-0.4,0.0,-4,,Amateur Draft,5/HD3,bridejo01
86,Mike Brosseau,29,MIL,29,78,-3,0,0,-3,0,-6,-0.6,3,-4,-0.4,.479,.496,-0.1,-0.3,-1,$1400000,Traded,5/H31D4,brossmi01
87,Seth Brown*,30,OAK,112,378,-2,-2,-1,3,-5,-8,-0.8,13,5,0.5,.493,.495,0.2,-0.2,2,$730000,Amateur Draft,97HD3,brownse01
88,Vidal Bruján#,25,TBR,37,84,-7,0,0,-1,1,-7,-0.7,3,-4,-0.4,.481,.496,-0.3,0.0,-3,,Amateur Free Agent,4H/695,brujavi01
89,Kris Bryant,31,COL,80,335,-7,-1,-1,-8,-4,-21,-2.1,11,-10,-1.0,.474,.487,-0.2,-1.2,-1,$28000000,Free Agency,9D/37H,bryankr01
90,JB Bukauskas,26,SEA,1,0,0,0,0,0,0,0,0.0,0,0,0.0,.500,.500,0.0,0.0,0,,Waivers,/1,bukaujb01
91,Aaron Bummer*,29,CHW,1,0,0,0,0,0,0,0,0.0,0,0,0.0,.500,.500,0.0,0.0,0,$3750000,Amateur Draft,1,bummeaa01
92,Peyton Burdick,26,MIA,14,37,-2,0,0,0,0,-1,-0.1,1,0,0.0,.490,.499,0.0,0.0,0,,Amateur Draft,9/8H7,burdipe01
93,Jake Burger,27,2TM,141,540,14,-2,2,-6,0,7,0.7,18,26,2.5,.505,.502,3.1,-0.6,32,,Amateur Draft,5D/H34,burgeja01
94,Alec Burleson*,24,STL,107,347,-7,0,-1,-4,-5,-17,-1.7,12,-5,-0.6,.484,.489,-0.2,-0.9,-1,$721450,Amateur Draft,7DH39/1,burleal01
95,Michael Busch*,25,LAD,27,81,-6,0,0,-1,-1,-7,-0.7,3,-4,-0.5,.473,.496,-0.4,-0.2,-3,,Amateur Draft,5/D3H47,buschmi02
96,Lawrence Butler*,22,OAK,42,129,-5,0,-1,-3,1,-9,-0.9,4,-5,-0.5,.478,.494,-0.2,-0.2,-1,,Amateur Draft,8/H9,butlela01
97,Byron Buxton,29,MIN,85,347,-2,3,1,0,-7,-4,-0.4,12,8,0.8,.495,.497,0.7,-0.7,8,$15142857,Amateur Draft,D/H,buxtoby01
98,José Caballero,26,SEA,104,280,-1,1,1,10,3,14,1.5,10,24,2.4,.514,.509,1.4,1.3,14,,Traded,4H6/5D7,cabaljo01
99,Trey Cabbage*,26,LAA,22,56,-4,0,0,0,-1,-5,-0.5,2,-3,-0.3,.476,.497,-0.3,-0.1,-3,,Free Agency,/39H78,cabbatr01
100,Génesis Cabrera*,26,STL,2,0,0,0,0,0,0,0,0.0,0,0,0.0,.500,.500,0.0,0.0,0,$950000,Traded,1,cabrege01
101,Miguel Cabrera,40,DET,98,370,-4,-1,-2,0,-8,-16,-1.6,13,-3,-0.4,.483,.490,-0.4,-0.9,-3,$32000000,Traded,D/H3,cabremi01
102,Oswaldo Cabrera#,24,NYY,115,330,-19,2,0,-4,-3,-25,-2.5,11,-14,-1.5,.478,.484,-1.1,-0.7,-10,$742100,Free Agency,795H/46D38,cabreos01
103,Kole Calhoun*,35,CLE,43,174,-3,0,0,1,-3,-5,-0.5,6,1,0.1,.488,.497,0.0,-0.1,0,,Purchased,3D/9H,calhoko01
104,Willie Calhoun*,28,NYY,44,149,-2,0,0,-2,-3,-7,-0.7,5,-2,-0.2,.485,.496,0.0,-0.5,0,,Free Agency,D/9H7,calhowi01
105,Alex Call,28,WSN,128,439,-12,-2,2,7,1,-3,-0.4,15,12,1.1,.497,.498,0.4,0.8,5,$721800,Waivers,*87/9H,callal02
106,Johan Camargo#,29,SFG,8,20,-1,0,0,-2,0,-3,-0.3,1,-2,-0.2,.463,.498,0.0,-0.2,0,,,/65,camarjo01
107,Junior Caminero,19,TBR,7,36,-1,0,0,1,0,0,-0.1,1,1,0.0,.493,.500,-0.1,0.1,0,,Traded,/5D64,caminju01
108,Luis Campusano,24,SDP,49,174,8,-1,-2,-2,3,6,0.6,6,12,1.1,.512,.504,1.3,0.1,14,$722700,Amateur Draft,2/DH,campulu01
109,Alexander Canario,23,CHC,6,17,1,-1,0,-1,0,-1,-0.1,1,-1,-0.1,.481,.499,0.0,-0.1,0,,Traded,/DH879,canaral01
110,Jeimer Candelario#,29,2TM,140,576,14,0,-1,-4,1,10,1.0,20,30,2.9,.507,.506,3.3,-0.3,34,$5000000,Traded,*53/DH,candeje01
111,Mark Canha,34,2TM,139,507,6,2,1,3,-7,5,0.5,17,23,2.2,.504,.502,1.9,-0.5,20,$11500000,Traded,7D93H/5,canhama01
112,Yennier Cano,29,BAL,3,0,0,0,0,0,0,0,0.0,0,0,0.0,.500,.500,0.0,0.0,0,,Traded,1,canoye01
113,Dominic Canzone*,25,2TM,59,182,-3,0,0,-1,-3,-7,-0.7,6,-1,-0.1,.487,.498,0.0,-0.4,0,,Amateur Draft,/DH9,canzodo01
114,Conner Capel*,26,OAK,32,86,1,-1,0,1,-1,1,0.1,3,4,0.4,.502,.500,0.2,0.0,3,$720000,Waivers,97/HD,capelco01
115,Vinny Capra,26,PIT,9,21,-2,0,0,0,0,-2,-0.2,1,-1,-0.1,.482,.499,-0.1,0.0,-1,,Traded,/54H,capravi01
116,Victor Caratini#,29,MIL,62,226,0,-1,-1,-2,4,0,0.0,8,8,0.7,.500,.500,0.9,0.2,10,$2800000,Traded,2/HD3,caratvi01
117,Dylan Carlson#,24,STL,76,255,-6,1,0,1,0,-3,-0.3,9,6,0.5,.496,.498,0.4,0.1,5,$742400,Amateur Draft,89/H7D,carlsdy01
118,Kerry Carpenter*,25,DET,118,459,10,0,0,-1,-5,4,0.4,16,20,1.9,.503,.502,2.0,-0.6,21,$723700,Amateur Draft,9D7/H,carpeke01
119,Matt Carpenter*,37,SDP,76,237,-5,0,0,0,-6,-10,-1.0,8,-2,-0.3,.487,.494,-0.2,-0.6,-2,$6500000,Free Agency,DH3,carpema01
120,Corbin Carroll*,22,ARI,155,645,26,12,3,-3,-4,34,3.3,22,56,5.4,.522,.521,5.8,-0.7,59,$1625000,Amateur Draft,*798/HD,carroco02
121,Evan Carter*,20,TEX,23,75,7,1,0,6,-1,13,1.3,3,16,1.6,.557,.508,0.9,0.6,9,,Amateur Draft,7/89H,carteev01
122,Curt Casali,34,CIN,40,96,-7,0,0,3,2,-2,-0.2,3,1,0.1,.495,.499,-0.2,0.5,-2,$2500000,Free Agency,2/35,casalcu01
123,Triston Casas*,23,BOS,132,502,18,-2,0,-4,-6,5,0.6,17,23,2.2,.504,.503,2.6,-1.0,26,$723500,Amateur Draft,*3H/D,casastr01
124,Nick Castellanos,31,PHI,157,671,10,-1,-1,-9,-5,-6,-0.6,23,17,1.5,.496,.496,2.5,-1.5,26,$20000000,Free Agency,*9/DH,casteni01
125,Diego Castillo,25,ARI,1,1,0,0,0,0,0,0,0.0,0,0,,.472,.500,,0.0,0,,Traded,/H,castidi02
126,Harold Castro*,29,COL,99,270,-17,-2,0,-5,2,-22,-2.3,9,-13,-1.4,.477,.486,-0.9,-0.3,-8,$1300000,Free Agency,4H8/76D951,castrha01
127,Miguel Castro,28,ARI,2,0,0,0,0,0,0,0,0.0,0,0,0.0,.500,.500,0.0,0.0,0,$3500000,Free Agency,1,castrmi01
128,Rodolfo Castro#,24,2TM,92,256,-8,-2,0,-5,3,-13,-1.3,9,-4,-0.5,.486,.496,0.0,-0.2,1,$725000,Traded,46H5/D,castrro01
129,Willi Castro#,26,MIN,124,409,3,4,1,5,0,13,1.4,14,27,2.7,.511,.508,2.2,0.6,22,$1800000,Free Agency,785H4/69D1,castrwi01
130,Jake Cave*,30,PHI,65,203,-9,0,1,2,-3,-9,-0.9,7,-2,-0.2,.487,.495,-0.4,-0.1,-4,$950000,Waivers,739/H8D,caveja01
131,Andrew Chafin,33,ARI,3,0,0,0,0,0,0,0,0.0,0,0,0.0,.500,.500,0.0,0.0,0,,Free Agency,1,chafian01
132,Yu Chang,27,BOS,39,112,-8,1,1,2,2,-2,-0.2,4,1,0.1,.494,.498,-0.1,0.4,-1,$850000,Free Agency,6/4H35D,changyu01
133,Aroldis Chapman*,35,KCR,1,0,0,0,0,0,0,0,0.0,0,0,0.0,.500,.500,0.0,0.0,0,$3750000,Free Agency,1,chapmar01
134,Matt Chapman,30,TOR,140,581,7,0,1,12,4,24,2.5,20,44,4.4,.517,.515,3.1,1.6,32,$12500000,Traded,*5/DH,chapmma01
135,Michael Chavis,27,WSN,48,96,-4,1,0,5,0,2,0.2,3,5,0.5,.504,.501,0.0,0.5,0,$1000000,Free Agency,4H/35D79,chavimi01
136,Jazz Chisholm Jr.*,25,MIA,97,383,2,3,1,-9,3,-1,-0.1,13,13,1.2,.499,.500,2.1,-0.7,21,$749500,Traded,8/HD,chishja01
137,Jiman Choi*,32,2TM,39,117,-5,1,0,0,-2,-7,-0.7,4,-3,-0.4,.481,.498,-0.4,-0.3,-3,$4650000,Traded,D3/H,choiji01
138,Taylor Clarke,30,KCR,1,0,0,0,0,0,0,0,0.0,0,0,0.0,.500,.500,0.0,0.0,0,$1150000,Free Agency,1,clarkta01
139,Kody Clemens*,27,PHI,47,148,-5,1,0,2,-2,-5,-0.5,5,1,0.0,.490,.497,-0.2,0.0,-1,,Traded,3/H1D96,clemeko01
140,Ernie Clement,27,TOR,29,52,3,0,0,4,1,8,0.8,2,10,1.0,.528,.505,0.6,0.5,6,,Free Agency,6H/45D1,clemeer01
141,Oscar Colás*,24,CHW,75,263,-16,0,1,-5,-2,-23,-2.4,9,-14,-1.5,.468,.485,-1.0,-0.7,-9,,Free Agency,9/8HD,colasos01
142,Dylan Coleman,26,KCR,2,0,0,0,0,0,0,0,0.0,0,0,0.0,.500,.500,0.0,0.0,0,$731750,Traded,1,colemdy01
143,Zack Collins*,28,CLE,2,6,1,0,0,0,0,1,0.1,0,1,0.1,.557,.501,0.1,0.0,1,,Free Agency,/2,colliza01
144,Michael Conforto*,30,SFG,125,470,-2,0,-1,-1,-5,-8,-0.9,16,8,0.7,.493,.495,0.8,-0.6,9,$18000000,Free Agency,*97DH,confomi01
145,William Contreras,25,MIL,141,611,20,0,-2,-4,5,19,1.8,20,39,3.8,.513,.511,4.2,0.1,43,$739000,Traded,2D/H,contrwi02
146,Willson Contreras,31,STL,125,495,19,-4,0,-1,5,18,1.8,17,35,3.4,.514,.511,3.5,0.3,36,$10000000,Free Agency,2D/H,contrwi01
147,Garrett Cooper,32,2TM,123,457,-3,-3,-2,1,-7,-15,-1.5,16,1,0.0,.488,.495,-0.1,-0.7,0,$3900000,Traded,3DH,coopega03
148,Franchy Cordero*,28,NYY,24,71,-2,-1,0,-1,-1,-4,-0.4,2,-1,-0.1,.484,.498,0.0,-0.2,0,$1000000,Free Agency,9/7H,cordefr02
149,Carlos Correa,28,MIN,135,580,-4,-3,-4,-2,8,-5,-0.5,19,14,1.4,.496,.497,1.6,0.6,16,$33333333,Free Agency,*6,correca01
150,Danny Coulombe*,33,BAL,2,0,0,0,0,0,0,0,0.0,0,0,0.0,.500,.500,0.0,0.0,0,$1000000,Purchased,1,couloda01
151,Colton Cowser*,23,BAL,26,77,-5,0,0,-5,0,-10,-1.0,3,-7,-0.8,.461,.494,-0.3,-0.6,-2,,Amateur Draft,98/7H,cowseco01
152,Austin Cox*,26,KCR,1,0,0,0,0,0,0,0,0.0,0,0,0.0,.500,.500,0.0,0.0,0,,Free Agency,1,coxau01
153,Brandon Crawford*,36,SFG,93,320,-15,0,1,-14,5,-23,-2.3,11,-12,-1.3,.475,.486,0.1,-0.9,2,$16000000,Amateur Draft,6/H1,crawfbr01
154,J.P. Crawford*,28,SEA,145,638,27,-1,0,-3,9,31,3.1,21,52,5.1,.521,.519,5.4,0.6,55,$11000000,Traded,*6/H,crawfjp01
155,Kutter Crawford,27,BOS,1,0,0,0,0,0,0,0,0.0,0,0,0.0,.499,.500,0.0,0.0,0,$730000,Amateur Draft,1/H,crawfku01
156,C.J. Cron,33,2TM,71,278,-6,-3,-2,0,-4,-14,-1.4,9,-4,-0.5,.480,.495,-0.5,-0.4,-4,$7250000,Free Agency,3/DH,croncj01
157,Jake Cronenworth*,29,SDP,127,522,-5,1,0,2,-4,-7,-0.7,18,11,1.0,.495,.496,0.8,-0.3,9,$4225000,Traded,34/H,croneja01
158,Tyler Cropley,27,KCR,2,7,-1,0,0,0,0,-1,-0.1,0,-1,-0.1,.446,.499,-0.1,0.0,-1,,Free Agency,/2,croplty01
159,Pete Crow-Armstrong*,21,CHC,13,19,-3,0,0,1,0,-2,-0.2,1,-1,-0.1,.484,.499,-0.2,0.1,-2,,Traded,8/H,crowape01
160,Nelson Cruz,42,SDP,49,152,-3,-1,0,0,-4,-8,-0.8,5,-2,-0.3,.484,.495,-0.3,-0.4,-2,$1000000,Free Agency,DH/3,cruzne02
161,Oneil Cruz*,24,PIT,9,40,0,0,0,-1,1,0,0.0,1,2,0.2,.504,.500,0.3,-0.1,3,$720000,Traded,/6,cruzon01
162,Charlie Culberson,34,ATL,1,1,0,0,0,0,0,0,0.0,0,0,0.0,.529,.500,0.0,0.0,0,,Free Agency,/DH,culbech01
163,Travis d'Arnaud,34,ATL,74,292,-7,-1,0,-3,4,-8,-0.8,10,2,0.2,.490,.495,0.5,0.1,5,$8000000,Free Agency,2/DH,darnatr01
164,David Dahl*,29,SDP,4,9,-1,0,0,0,0,-1,-0.1,0,0,0.0,.484,.500,0.0,0.0,0,$1250000,Free Agency,/9H,dahlda01
165,Bobby Dalbec,28,BOS,21,53,-3,0,0,0,-1,-4,-0.4,2,-2,-0.2,.481,.498,-0.2,-0.1,-2,,Amateur Draft,3/H5D46,dalbebo01
166,Henry Davis,23,PIT,62,255,-7,-4,0,-9,-2,-22,-2.3,9,-14,-1.4,.464,.486,-0.5,-1.2,-4,,Amateur Draft,9D/2H,davishe01
167,J.D. Davis,30,SFG,144,546,3,-1,-2,-9,1,-8,-0.9,19,10,0.9,.494,.495,1.8,-0.8,19,$4210000,Traded,*5H3D,davisjd01
168,Jonathan Davis,31,MIA,34,104,-1,0,1,-3,1,-3,-0.3,4,1,0.0,.491,.498,0.3,-0.2,3,,Traded,8/H97,davisjo05
169,Yonathan Daza,29,COL,24,80,-4,1,-1,-3,0,-7,-0.7,3,-4,-0.4,.473,.496,-0.1,-0.3,-1,$730000,Amateur Free Agent,8/H9,dazayo01
170,Bryan De La Cruz,26,MIA,153,626,-7,0,-3,-8,-5,-23,-2.3,21,-2,-0.3,.485,.486,0.5,-1.4,6,$736000,Traded,*79/8HD,delacbr01
171,Elly De La Cruz#,21,CIN,98,427,-7,2,1,-6,5,-5,-0.5,14,9,0.8,.495,.497,1.5,-0.1,15,,Free Agency,65/HD,delacel01
172,José De León,30,MIN,0,0,0,0,0,0,0,0,,0,0,,,,,,0,,Free Agency,1,deleojo03
173,Paul DeJong,29,3TM,112,400,-19,-3,0,0,6,-17,-1.7,14,-3,-0.5,.485,.498,-0.4,0.6,-3,$9166666,Free Agency,6/H4D,dejonpa01
174,Jason Delay,28,PIT,70,187,-5,-2,0,-3,4,-6,-0.6,6,1,0.0,.492,.496,0.3,0.1,3,$720000,Amateur Draft,2/H,delayja01
175,Jonny DeLuca,24,LAD,24,45,-1,0,0,2,-1,1,0.1,2,3,0.3,.506,.501,0.1,0.1,1,,Amateur Draft,H/789D,delucjo01
176,Rafael Devers*,26,BOS,153,656,20,-2,0,-9,4,13,1.4,22,35,3.5,.509,.508,4.4,-0.5,44,$17500000,Amateur Free Agent,*5/DH6,deverra01
177,Aledmys Díaz,32,OAK,109,344,-11,-1,-2,-8,2,-20,-2.0,12,-8,-0.9,.481,.487,-0.1,-0.6,0,$6500000,Free Agency,56H743/D,diazal02
178,Alexis Díaz,26,CIN,3,0,0,0,0,0,0,0,0.0,0,0,0.0,.500,.500,0.0,0.0,0,$730000,Amateur Draft,1,diazal03
179,Elias Díaz,32,COL,141,526,-9,-1,-1,0,8,-3,-0.3,18,15,1.4,.498,.498,1.4,0.8,15,$5500000,Free Agency,*2H/D,diazel01
180,Isan Díaz*,27,2TM,8,26,-5,0,0,2,0,-3,-0.3,1,-2,-0.2,.460,.499,-0.4,0.2,-4,,Waivers,/4H,diazis01
181,Jordan Diaz,22,OAK,90,293,-6,-2,-2,-10,0,-20,-2.1,10,-10,-1.1,.477,.487,-0.1,-1.0,0,,Free Agency,54D/H3,diazjo03
182,Yainer Diaz,24,HOU,104,377,14,-1,-1,6,1,19,1.9,13,32,3.2,.518,.512,2.6,0.7,26,$720300,Traded,2DH/3,diazya02
183,Yandy Díaz,31,TBR,137,600,42,-1,-2,0,-7,32,3.3,20,52,5.2,.523,.520,5.1,-0.7,52,$6000000,Traded,*3D/5H,diazya01
184,Corey Dickerson*,34,WSN,50,152,-5,-1,0,-3,-2,-11,-1.1,5,-6,-0.6,.478,.493,-0.3,-0.5,-3,$2250000,Free Agency,7/HD9,dickeco01
185,Brandon Dixon,31,SDP,33,86,-5,-1,0,3,-2,-5,-0.5,3,-2,-0.2,.485,.497,-0.5,0.1,-5,,Free Agency,3/H9D71,dixonbr01
186,Jasson Domínguez#,20,NYY,8,33,2,0,1,-2,0,1,0.1,1,2,0.2,.513,.501,0.4,-0.2,4,,Free Agency,/8,dominja01
187,Josh Donaldson,37,2TM,50,189,-6,-1,0,2,0,-5,-0.5,6,2,0.1,.490,.498,-0.1,0.2,0,$21750000,Free Agency,5/D,donaljo02
188,Brendan Donovan*,26,STL,95,371,10,2,0,-3,-2,7,0.7,13,20,1.9,.507,.504,2.2,-0.5,23,$728600,Amateur Draft,47D3H/956,donovbr01
189,Camilo Doval,25,SFG,2,0,0,0,0,0,0,0,0.0,0,0,0.0,.500,.500,0.0,0.0,0,$735000,Amateur Free Agent,1,dovalca01
190,Jeter Downs,24,WSN,6,9,1,1,0,-2,0,0,0.0,0,1,0.1,.505,.500,0.3,-0.2,3,,Waivers,/64H,downsje01
191,Brenton Doyle,25,COL,126,431,-29,1,0,19,3,-5,-0.5,15,10,0.9,.496,.497,-1.1,2.2,-9,,Amateur Draft,*8/H,doylebr02
192,Hunter Dozier,31,KCR,29,91,-4,0,1,-1,0,-4,-0.4,3,-1,-0.1,.485,.497,0.0,-0.1,0,$7500000,Amateur Draft,5/397HD,doziehu01
193,Brandon Drury,30,LAA,125,523,7,-2,-1,-2,0,1,0.2,18,19,1.9,.501,.501,2.1,-0.2,21,$8500000,Free Agency,43/DH,drurybr01
194,Daniel Duarte,26,CIN,2,0,0,0,0,0,0,0,0.0,0,0,0.0,.500,.500,0.0,0.0,0,,Free Agency,1,duartda01
195,Mauricio Dubón,28,HOU,132,492,2,1,-1,5,4,10,1.1,17,27,2.7,.508,.506,2.2,0.9,22,$1400000,Traded,48H/76395,dubonma01
196,Matt Duffy,32,KCR,78,209,-4,1,0,0,0,-3,-0.3,7,4,0.3,.496,.498,0.3,0.0,4,$1500000,Free Agency,54H3/D16,duffyma01
197,Ezequiel Duran,24,TEX,122,439,3,-2,0,-6,0,-6,-0.5,15,9,0.9,.495,.496,1.5,-0.6,15,$724170,Traded,675D/4H39,duranez01
198,Jarren Duran*,26,BOS,102,362,8,4,1,-6,1,9,0.9,12,21,2.1,.509,.505,2.7,-0.5,27,,Amateur Draft,87H/D9,duranja01
199,Adam Duvall,34,BOS,92,353,6,1,1,-4,0,4,0.4,12,16,1.6,.504,.502,2.0,-0.4,20,$7000000,Free Agency,89/H7D,duvalad01
200,Nate Eaton,26,KCR,28,56,-10,1,1,2,-1,-7,-0.7,2,-5,-0.6,.474,.495,-0.8,0.1,-7,$722200,Amateur Draft,7/H89D51,eatonna01
201,Cam Eden,25,TOR,5,6,-1,0,0,0,0,-1,-0.1,0,-1,-0.1,.482,.499,-0.1,0.0,-1,,Amateur Draft,/HD7,edenca01
202,Tommy Edman#,28,STL,137,528,-6,0,1,3,5,4,0.4,18,22,2.1,.503,.503,1.8,0.8,19,$4200000,Amateur Draft,468/9H,edmanto01
203,Xavier Edwards#,23,MIA,30,84,-2,1,0,-1,1,-1,-0.1,3,2,0.1,.496,.499,0.3,0.0,3,,Traded,4/H8D,edwarxa01
204,Drew Ellis,27,PHI,12,29,2,-1,0,0,0,1,0.1,1,2,0.2,.505,.500,0.2,0.0,2,,Free Agency,/35H,ellisdr01
205,Christian Encarnacion-Strand,23,CIN,63,241,4,-1,-1,0,-4,-2,-0.2,8,7,0.6,.498,.499,0.6,-0.4,7,,Traded,3D/5H9,encarch01
206,Adam Engel,31,SDP,5,6,-2,-1,0,-1,0,-4,-0.4,0,-3,-0.3,.429,.498,-0.2,-0.1,-2,$1000000,Free Agency,/8H7,engelad01
207,Eduardo Escobar#,34,2TM,99,309,-13,-2,1,-8,1,-20,-2.1,11,-10,-1.1,.479,.493,-0.3,-0.7,-2,$9500000,Traded,5H4/31D,escobed01
208,Santiago Espinal,28,TOR,93,254,-6,0,1,-2,3,-4,-0.4,9,5,0.5,.496,.498,0.7,0.1,7,$2100000,Traded,45H6/D,espinsa01
209,Thairo Estrada,27,SFG,120,530,1,3,2,-3,5,7,0.6,17,24,2.3,.506,.504,2.6,0.2,27,$2250000,Purchased,46/7D,estrath01
210,Stuart Fairchild,27,CIN,97,255,-3,0,1,1,-2,-3,-0.3,9,5,0.5,.497,.498,0.4,-0.2,4,$722500,Waivers,798H/D,faircst01
211,Buck Farmer*,32,CIN,1,0,0,0,0,0,0,0,0.0,0,0,0.0,.500,.500,0.0,0.0,0,$1750000,Free Agency,1,farmebu01
212,Kyle Farmer,32,MIN,120,369,2,0,1,-2,4,5,0.5,13,17,1.7,.504,.503,1.9,0.2,19,$5585000,Traded,456H/37D,farmeky01
213,Caleb Ferguson,26,LAD,2,0,0,0,0,0,0,0,0.0,0,0,0.0,.500,.500,0.0,0.0,0,$1100000,Amateur Draft,1,ferguca01
214,Freddy Fermin,28,KCR,70,235,3,0,-2,4,4,9,0.9,8,17,1.7,.513,.505,1.3,0.8,13,,Free Agency,2/HD,fermifr01
215,José Fermín,24,STL,21,61,-2,-1,0,2,0,-1,-0.1,2,1,0.1,.497,.500,-0.1,0.3,-1,,Purchased,4/5HD,fermijo01
216,Tyler Fitzgerald,25,SFG,10,34,0,0,0,0,0,1,0.1,1,2,0.2,.505,.500,0.2,0.0,2,,Amateur Draft,/85,fitzgty01
217,David Fletcher,29,LAA,33,97,-4,0,1,-1,1,-3,-0.3,3,1,0.1,.492,.498,0.1,0.1,2,$6000000,Amateur Draft,64/5H,fletcda02
218,Dominic Fletcher*,25,ARI,28,102,1,-1,0,4,0,4,0.4,3,8,0.7,.515,.503,0.3,0.4,4,,Amateur Draft,89/7H,fletcdo01
219,Wilmer Flores,31,SFG,126,454,19,-3,-2,3,-6,12,1.2,16,27,2.6,.509,.507,2.4,-0.3,24,$6500000,Free Agency,3DH5/4,florewi01
220,Estevan Florial*,25,NYY,19,71,-2,0,0,-1,1,-2,-0.2,2,0,0.0,.488,.499,0.1,-0.1,1,,Amateur Free Agent,8/H,flories01
221,Mike Ford*,30,SEA,83,251,6,-1,-1,1,-6,-1,-0.1,9,8,0.8,.499,.500,0.6,-0.6,7,,Free Agency,DH3/1,fordmi01
222,Nick Fortes,26,MIA,108,323,-19,1,-1,2,6,-11,-1.1,11,0,-0.1,.490,.493,-0.3,0.8,-2,$730000,Amateur Draft,2H/D,forteni01
223,Jake Fraley*,28,CIN,111,380,4,0,1,-4,-5,-3,-0.3,13,10,0.9,.497,.498,1.3,-0.9,14,$740000,Traded,97HD,fraleja01
224,Ty France,28,SEA,158,665,3,-2,-3,-7,-7,-15,-1.5,23,7,0.7,.490,.490,1.3,-1.4,14,$4100000,Traded,*3/H,francty01
225,Wander Franco#,22,TBR,112,491,19,-2,-1,16,7,39,4.0,16,55,5.5,.535,.524,3.9,2.3,39,$2454546,Amateur Free Agent,*6/HD,francwa01
226,Adam Frazier*,31,BAL,141,455,-3,1,1,-1,3,2,0.2,16,17,1.7,.501,.501,1.8,0.3,18,$8000000,Free Agency,*4H/97D,fraziad01
227,Clint Frazier,28,CHW,33,76,-4,0,0,0,-1,-5,-0.6,3,-3,-0.3,.483,.497,-0.3,-0.1,-3,,Free Agency,9H/78,frazicl01
228,Freddie Freeman*,33,LAD,161,730,56,4,1,-9,-7,45,4.3,23,68,6.5,.527,.527,7.5,-1.7,77,$27000000,Free Agency,*3,freemfr01
229,Tyler Freeman,24,CLE,64,168,-4,1,0,-6,1,-8,-0.8,6,-2,-0.3,.487,.495,0.3,-0.5,4,,Amateur Draft,5H46D/37,freemty01
230,Sal Frelick*,23,MIL,57,223,-3,1,1,6,-1,4,0.4,8,12,1.2,.508,.503,0.6,0.5,6,,Amateur Draft,98/HD7,frelisa01
231,Luis Frías,25,ARI,1,0,0,0,0,0,0,0,0.0,0,0,0.0,.500,.500,0.0,0.0,0,,Amateur Free Agent,1,friaslu01
232,TJ Friedl*,27,CIN,138,556,13,2,2,1,3,20,2.0,19,39,3.8,.515,.513,3.7,0.3,38,$722500,Amateur Free Agent,*87H/9D,friedtj01
233,David Fry,27,CLE,57,113,1,0,0,-2,0,-1,-0.1,4,3,0.3,.499,.500,0.5,-0.2,5,,Traded,23H/9D715,fryda01
234,Shintaro Fujinami,29,BAL,1,0,0,0,0,0,0,0,0.0,0,0,0.0,.500,.500,0.0,0.0,0,,Traded,1,fujinsh01
235,Michael Fulmer,30,CHC,2,1,0,0,0,0,0,0,0.0,0,0,0.0,.500,.500,0.0,0.0,0,$4000000,Free Agency,1,fulmemi01
236,Cam Gallagher,30,CLE,56,149,-21,-1,0,4,3,-15,-1.6,5,-10,-1.1,.472,.490,-1.5,0.8,-14,$1250000,Free Agency,2,gallaca01
237,Joey Gallo*,29,MIN,111,332,0,1,-1,-1,-5,-6,-0.6,11,6,0.5,.495,.496,0.6,-0.6,7,$11000000,Free Agency,37H89/D,gallojo01
238,Ben Gamel*,31,SDP,6,15,-2,0,0,-1,0,-3,-0.3,1,-2,-0.2,.456,.498,-0.1,-0.1,-1,,Purchased,/7HD9,gamelbe01
239,Adolis García,30,TEX,148,632,17,3,0,6,-5,21,2.2,21,42,4.2,.514,.513,3.6,0.2,36,$747760,Purchased,*9/8DH,garciad02
240,Avisaíl García,32,MIA,37,118,-9,0,0,1,-1,-9,-0.9,4,-5,-0.5,.475,.494,-0.6,0.0,-6,$12000000,Free Agency,97/HD8,garciav01
241,Luis García Jr.*,23,WSN,122,482,-7,-1,2,-6,4,-8,-0.8,16,8,0.7,.493,.495,1.3,-0.2,14,$738600,Amateur Free Agent,*4H,garcilu04
242,Maikel Garcia,23,KCR,123,515,-8,0,-1,-1,3,-7,-0.6,18,11,1.1,.495,.496,1.1,0.3,12,,Free Agency,56/D4H,garcima01
243,Kyle Garlick,31,MIN,14,30,-1,0,0,0,-1,-2,-0.2,1,-1,-0.1,.485,.499,-0.1,-0.1,-1,$750000,Waivers,/9H7D,garliky01
244,Stone Garrett,27,WSN,89,271,8,1,-1,5,-3,10,1.0,9,19,1.9,.511,.506,1.4,0.2,14,,Free Agency,7H9/D,garrest01
245,Mitch Garver,32,TEX,87,344,16,0,-1,-2,-3,10,1.0,12,22,2.1,.511,.506,2.3,-0.5,24,$3900000,Traded,D2/H3,garvemi01
246,Zack Gelof,23,OAK,69,300,12,2,0,0,2,17,1.7,10,26,2.6,.524,.510,2.6,0.3,26,,Amateur Draft,4,gelofza01
247,Ian Gibaut,29,CIN,1,0,0,0,0,0,0,0,0.0,0,0,0.0,.500,.500,0.0,0.0,0,$730000,Waivers,1,gibauia01
248,Kyle Gibson,35,BAL,1,0,0,0,0,0,0,0,0.0,0,0,0.0,.500,.500,0.0,0.0,0,$10000000,Free Agency,1,gibsoky01
249,Logan Gillaspie,26,BAL,1,0,0,0,0,0,0,0,0.0,0,0,0.0,.500,.500,0.0,0.0,0,$721200,Free Agency,1,gillalo01
250,Andrés Giménez*,24,CLE,153,616,-1,4,1,23,5,32,3.3,21,53,5.3,.521,.520,3.0,2.9,30,$1571429,Traded,*4/H,gimenan01
251,Kevin Ginkel*,29,ARI,1,0,0,0,0,0,0,0,0.0,0,0,0.0,.500,.500,0.0,0.0,0,$746600,Amateur Draft,1,ginkeke01
252,Paul Goldschmidt,35,STL,154,687,17,2,-1,3,-8,13,1.3,22,35,3.4,.509,.508,3.1,-0.6,32,$26000000,Traded,*3D,goldspa01
253,Yan Gomes,35,CHC,116,419,-6,-1,0,5,6,3,0.3,14,18,1.7,.503,.502,1.2,1.1,13,$6000000,Free Agency,2DH,gomesya01
254,Nick Gonzales,24,PIT,35,128,-6,-1,0,0,1,-6,-0.6,4,-1,-0.2,.484,.497,-0.2,0.1,-1,,Amateur Draft,4/6H,gonzani01
255,Oscar González,25,CLE,54,180,-10,0,1,-7,-3,-19,-1.9,6,-13,-1.4,.464,.488,-0.6,-1.0,-6,$722600,Free Agency,9D/H7,gonzaos01
256,Romy Gonzalez,26,CHW,44,97,-6,2,1,-3,0,-7,-0.7,3,-4,-0.4,.484,.496,-0.1,-0.3,-1,$723000,Amateur Draft,4H/9D7658,gonzaro01
257,Victor González*,27,LAD,2,0,0,0,0,0,0,0,0.0,0,0,0.0,.500,.500,0.0,0.0,0,,Amateur Free Agent,1,gonzavi02
258,Hunter Goodman,23,COL,23,77,-5,1,0,-2,-1,-8,-0.8,3,-5,-0.5,.466,.495,-0.3,-0.3,-3,,Amateur Draft,9/3DH,goodmhu01
259,Nick Gordon*,27,MIN,34,93,-8,0,1,1,0,-5,-0.6,3,-2,-0.2,.484,.497,-0.4,0.1,-3,$735400,Amateur Draft,874H/6,gordoni01
260,Nolan Gorman*,23,STL,119,464,9,2,1,-2,1,10,0.9,16,25,2.4,.508,.506,2.7,-0.2,27,$726950,Amateur Draft,4D5H,gormano01
261,Yasmani Grandal#,34,CHW,118,405,-10,-4,-1,-10,5,-20,-2.0,14,-6,-0.7,.483,.487,0.3,-0.5,4,$18250000,Free Agency,2HD/3,grandya01
262,Brusdar Graterol,24,LAD,1,0,0,0,0,0,0,0,0.0,0,0,0.0,.500,.500,0.0,0.0,0,$1225000,Traded,1,gratebr01
263,Kendall Graveman,32,HOU,1,0,0,0,0,0,0,0,0.0,0,0,0.0,.500,.500,0.0,0.0,0,$8000000,Traded,1,graveke01
264,Jon Gray,31,TEX,1,0,0,0,0,0,0,0,0.0,0,0,0.0,.500,.500,0.0,0.0,0,$15000000,Free Agency,1,grayjo02
265,Tristan Gray*,27,TBR,2,5,1,0,0,0,0,1,0.1,0,1,0.1,.553,.501,0.1,0.0,1,,Traded,/36,graytr01
266,Riley Greene*,22,DET,99,416,9,0,1,-6,1,5,0.5,14,19,1.9,.505,.503,2.5,-0.5,25,$727800,Amateur Draft,8/D79H,greenri03
267,Zack Greinke,39,KCR,1,0,0,0,0,0,0,0,0.0,0,0,0.0,.500,.500,0.0,0.0,0,$8500000,Free Agency,1,greinza01
268,Randal Grichuk,31,2TM,118,471,1,0,0,-1,-3,-4,-0.4,16,13,1.2,.497,.499,1.3,-0.4,14,,Traded,987D/H,grichra01
269,Trent Grisham*,26,SDP,153,555,-5,2,1,1,4,2,0.2,19,21,2.0,.502,.501,1.9,0.5,20,$3175000,Traded,*8/H,grishtr01
270,Vaughn Grissom,22,ATL,23,80,-3,-1,0,-7,1,-10,-1.0,3,-7,-0.7,.457,.494,0.0,-0.6,0,,Amateur Draft,6/4H,grissva01
271,Robbie Grossman#,33,TEX,115,420,1,0,-1,-9,-6,-15,-1.5,14,-1,-0.1,.487,.491,0.8,-1.5,8,$2000000,Free Agency,7D9H,grossro01
272,Vladimir Guerrero Jr.,24,TOR,156,682,16,-3,-1,-6,-9,-2,-0.2,23,20,2.0,.499,.499,2.6,-1.5,26,$14500000,Amateur Free Agent,*3D/H,guerrvl02
273,Luis Guillorme*,28,NYM,54,120,-5,0,0,-1,2,-5,-0.5,4,-1,-0.1,.491,.497,0.0,0.1,0,$1600000,Amateur Draft,45/H61,guilllu01
274,Lourdes Gurriel Jr.,29,ARI,145,592,3,2,-2,14,-7,11,1.1,20,31,3.0,.507,.507,1.6,0.6,17,$5828571,Free Agency,7D/H3,gurrilo01
275,Yuli Gurriel,39,MIA,108,329,-10,1,-1,-1,-4,-15,-1.6,11,-4,-0.5,.486,.490,-0.4,-0.6,-3,$1250000,Free Agency,3H/D,gourryu01
276,Dalton Guthrie,27,PHI,23,28,-2,0,0,4,0,2,0.2,1,3,0.3,.508,.501,-0.1,0.4,-1,$722500,Amateur Draft,7/8H95,guthrda01
277,Eric Haase,30,2TM,89,293,-20,-1,-1,1,3,-18,-1.9,10,-8,-0.9,.479,.489,-1.0,0.4,-9,$740100,Waivers,27H/D9,haaseer01
278,Josh Hader*,29,SDP,1,0,0,0,0,0,0,0,0.0,0,0,0.0,.500,.500,0.0,0.0,0,$14100000,Traded,1,haderjo01
279,Sam Haggerty#,29,SEA,52,108,1,2,1,-2,-2,-1,-0.1,4,3,0.2,.498,.499,0.4,-0.4,4,$726600,Waivers,H7D4/389,haggesa01
280,Darick Hall*,27,PHI,18,56,-6,0,0,-1,-1,-8,-0.8,2,-6,-0.6,.454,.495,-0.5,-0.2,-5,$724500,Amateur Draft,3/H,hallda02
281,DL Hall*,24,BAL,1,0,0,0,0,0,0,0,0.0,0,0,0.0,.500,.500,0.0,0.0,0,,Amateur Draft,1,halldl01
282,Billy Hamilton,32,CHW,3,2,-1,1,0,0,0,0,0.0,0,0,0.0,.506,.500,0.0,0.0,0,$100000,Free Agency,/H9,hamilbi02
283,Caleb Hamilton,28,BOS,4,6,-1,0,0,0,0,-1,-0.1,0,-1,-0.1,.475,.499,-0.1,0.0,-1,,Waivers,/2,hamilca01
284,David Hamilton*,25,BOS,15,39,-4,0,0,1,1,-2,-0.2,1,-1,-0.1,.486,.499,-0.2,0.2,-2,,Traded,6/4H,hamilda03
285,Garrett Hampson,28,MIA,98,252,2,2,1,-1,1,5,0.5,9,13,1.3,.505,.503,1.4,0.0,14,,Free Agency,68H947/5D,hampsga01
286,Mitch Haniger,32,SFG,61,229,-8,0,-1,2,-2,-10,-1.0,8,-2,-0.3,.484,.494,-0.5,0.0,-4,$8000000,Free Agency,79/HD,hanigmi01
287,Ian Happ#,28,CHC,158,691,11,0,1,2,-5,9,0.9,23,32,3.0,.506,.506,2.9,-0.4,30,$10850000,Amateur Draft,*7/DH,happia01
288,Bryce Harper*,30,PHI,126,546,29,-1,0,1,-9,20,2.0,18,38,3.7,.516,.512,3.6,-0.9,37,$27538462,Free Agency,D3/H,harpebr03
289,Michael Harris II*,22,ATL,138,539,7,1,2,2,4,17,1.7,18,35,3.4,.512,.510,3.2,0.6,33,$5000000,Amateur Draft,*8/H,harrimi04
290,Josh Harrison,35,PHI,40,114,-6,0,0,-4,0,-10,-1.0,4,-6,-0.6,.476,.494,-0.2,-0.4,-2,$2000000,Free Agency,5H4/719D,harrijo05
291,Adam Haseley*,27,CHW,28,39,-2,1,0,0,0,-3,-0.3,1,-1,-0.1,.491,.498,-0.1,-0.1,-1,,Traded,9/H87D,haselad01
292,Ke'Bryan Hayes,26,PIT,124,525,0,-2,0,21,3,23,2.3,18,41,4.0,.519,.514,1.9,2.4,20,$10000000,Amateur Draft,*5/DH,hayeske01
293,Austin Hays,27,BAL,144,566,8,-1,-1,5,-5,6,0.6,19,25,2.5,.504,.504,2.0,0.0,20,$3200000,Amateur Draft,*7/89HD,haysau01
294,Taylor Hearn*,28,TEX,1,0,0,0,0,0,0,0,0.0,0,0,0.0,.500,.500,0.0,0.0,0,$1462500,Traded,1,hearnta01
295,Jonathan Heasley,26,KCR,1,0,0,0,0,0,0,0,0.0,0,0,0.0,.500,.500,0.0,0.0,0,,Amateur Draft,1,heasljo01
296,Austin Hedges,30,2TM,81,212,-20,0,-1,0,4,-17,-1.7,7,-10,-1.1,.479,.492,-1.1,0.4,-10,$5000000,Free Agency,2,hedgeau01
297,Jonah Heim#,28,TEX,131,501,2,1,0,2,8,12,1.2,17,29,2.9,.509,.507,2.6,1.0,27,$745660,Traded,*2/DH,heimjo01
298,Tyler Heineman#,32,2TM,22,47,0,0,0,-1,1,0,0.0,2,2,0.2,.501,.501,0.3,0.0,3,,Waivers,/2,heinety01
299,Ryan Helsley,28,STL,1,0,0,0,0,0,0,0,0.0,0,0,0.0,.500,.500,0.0,0.0,0,$2150000,Amateur Draft,1,helslry01
300,Gunnar Henderson*,22,BAL,150,622,18,3,0,13,6,41,4.2,21,62,6.2,.527,.525,4.8,2.0,49,$723200,Amateur Draft,56D/H,hendegu01
301,David Hensley,27,HOU,30,94,-9,0,0,0,-1,-10,-1.0,3,-7,-0.7,.466,.494,-0.7,-0.1,-7,$722600,Amateur Draft,D/4H375,henslda01
302,Carlos Hernández,26,KCR,1,0,0,0,0,0,0,0,0.0,0,0,0.0,.500,.500,0.0,0.0,0,$730250,Amateur Free Agent,1,hernaca04
303,Enrique Hernández,31,2TM,140,508,-19,0,-2,-2,5,-17,-1.8,17,0,-0.1,.487,.493,0.1,0.3,2,$10000000,Free Agency,648/H,hernaen02
304,Teoscar Hernández,30,SEA,160,678,3,0,1,1,-7,-1,-0.1,23,22,2.1,.499,.499,2.0,-0.6,21,$14000000,Traded,*9D/H,hernate01
305,Yonny Hernández#,25,LAD,14,27,-3,0,0,1,0,-2,-0.2,1,-1,-0.1,.488,.499,-0.2,0.1,-2,,Purchased,/4H51,hernayo02
306,Iván Herrera,23,STL,13,44,1,0,0,0,1,2,0.2,2,3,0.3,.514,.501,0.3,0.1,3,,Free Agency,2,herreiv01
307,José Herrera#,26,ARI,41,120,-7,0,0,-1,2,-5,-0.5,4,-1,-0.1,.488,.497,0.0,0.1,0,$724300,Free Agency,2/1H,herrejo04
308,Jason Heyward*,33,LAD,124,377,9,-1,0,3,-4,7,0.7,13,20,1.9,.506,.505,1.7,-0.1,17,$720000,Free Agency,*98H/73D,heywaja01
309,Aaron Hicks#,33,2TM,93,312,2,1,0,-8,-1,-6,-0.6,11,5,0.4,.493,.499,1.2,-0.9,13,$10785714,Free Agency,879H/D,hicksaa01
310,Kyle Higashioka,33,NYY,92,260,-6,-2,-1,-7,5,-11,-1.1,9,-2,-0.3,.488,.493,0.4,-0.2,5,$1462500,Amateur Draft,2/HD,higasky01
311,Derek Hill,27,WSN,13,50,-5,0,1,-1,0,-5,-0.5,2,-3,-0.3,.464,.497,-0.2,-0.1,-2,,Free Agency,8,hillde01
312,Sam Hilliard*,29,ATL,40,78,-1,0,0,1,0,0,0.0,3,2,0.2,.499,.500,0.1,0.1,1,$750000,Traded,8H/7D9,hillisa01
313,Bryan Hoeing,26,MIA,1,0,0,0,0,0,0,0,0.0,0,0,0.0,.500,.500,0.0,0.0,0,,Amateur Draft,1,hoeinbr01
314,Nico Hoerner,26,CHC,150,688,3,5,2,14,6,30,3.0,22,52,5.1,.520,.519,3.7,2.0,38,$2525000,Amateur Draft,*46/DH,hoernni01
315,TJ Hopkins,26,CIN,25,44,-5,1,0,2,-1,-4,-0.4,2,-2,-0.3,.484,.498,-0.5,0.1,-4,,Amateur Draft,H/9D7,hopkitj01
316,Spencer Horwitz*,25,TOR,15,44,0,1,0,1,-1,1,0.1,2,3,0.3,.508,.501,0.2,0.0,2,,Amateur Draft,/D3H,horwisp01
317,Eric Hosmer*,33,CHC,31,100,-5,0,0,0,-2,-8,-0.8,3,-5,-0.5,.473,.495,-0.5,-0.2,-5,$720000,Free Agency,3D/H,hosmeer01
318,Sam Huff,25,TEX,21,45,0,0,0,1,0,1,0.1,2,3,0.3,.506,.501,0.2,0.1,2,,Amateur Draft,2/D3H,huffsa01
319,Cooper Hummel#,28,SEA,10,26,-3,0,0,0,-1,-4,-0.5,1,-3,-0.4,.454,.497,-0.4,-0.1,-3,$723800,Traded,/DH79,hummeco01
320,Tommy Hunter,36,NYM,2,0,0,0,0,0,0,0,0.0,0,0,0.0,.500,.500,0.0,0.0,0,$686857,Free Agency,1,hunteto02
321,Andy Ibáñez,30,DET,114,383,-1,-2,0,8,1,7,0.7,13,20,2.0,.506,.504,1.1,1.0,12,,Waivers,4H57/93D,ibanean01
322,Jonathan India,26,CIN,119,529,2,2,-1,-7,2,-2,-0.2,17,15,1.4,.498,.499,2.1,-0.5,22,$760000,Amateur Draft,4D/H,indiajo01
323,Kyle Isbel*,26,KCR,91,313,-9,3,1,13,2,10,1.1,11,21,2.1,.511,.506,0.7,1.6,8,$727500,Amateur Draft,8/HD,isbelky01
324,Drey Jameson,25,ARI,1,0,0,0,0,0,0,0,0.0,0,0,0.0,.500,.500,0.0,0.0,0,$723600,Amateur Draft,1,jamesdr01
325,Travis Jankowski*,32,TEX,107,287,-1,3,1,6,-3,5,0.5,10,15,1.4,.505,.503,0.8,0.3,8,$1250000,Free Agency,7H98/D,jankotr01
326,Danny Jansen,28,TOR,86,301,5,-1,0,-3,5,6,0.7,10,17,1.6,.507,.504,1.9,0.2,19,$3500000,Amateur Draft,2H/D,janseda01
327,Kenley Jansen#,35,BOS,1,0,0,0,0,0,0,0,0.0,0,0,0.0,.500,.500,0.0,0.0,0,$16000000,Free Agency,1,janseke01
328,Bryce Jarvis*,25,ARI,1,0,0,0,0,0,0,0,0.0,0,0,0.0,.500,.500,0.0,0.0,0,,Amateur Draft,1,jarvibr01
329,Ryan Jeffers,26,MIN,96,335,14,0,0,3,5,21,2.2,11,33,3.3,.522,.513,2.9,0.9,30,$741650,Amateur Draft,2H/D,jeffery01
330,Eloy Jiménez,26,CHW,120,489,2,0,-2,-3,-9,-13,-1.3,17,4,0.3,.489,.492,0.6,-1.3,7,$10333333,Traded,D9/H,jimenel02
331,Joe Jiménez,28,ATL,1,0,0,0,0,0,0,0,0.0,0,0,0.0,.500,.500,0.0,0.0,0,$2765000,Traded,1,jimenjo02
332,Connor Joe,30,PIT,133,472,5,-1,0,-5,-6,-8,-0.8,16,8,0.7,.494,.495,1.3,-1.2,13,$735000,Traded,937H/D,joeco01
333,Bryce Johnson#,27,SFG,30,48,-4,1,0,-1,0,-3,-0.4,2,-2,-0.2,.489,.498,-0.1,-0.1,-1,,Amateur Draft,8/H7,johnsbr03
334,Pierce Johnson,32,COL,1,0,0,0,0,0,0,0,0.0,0,0,0.0,.500,.500,0.0,0.0,0,$5000000,Free Agency,1,johnspi01
335,Jahmai Jones,25,MIL,7,11,0,0,0,0,0,0,0.0,0,0,0.0,.499,.500,0.0,0.0,0,,Free Agency,/DH4,jonesja08
336,Nolan Jones*,25,COL,106,424,20,1,1,10,-3,29,2.9,14,44,4.3,.528,.518,3.3,0.7,34,,Traded,793/8H5,jonesno01
337,Aaron Judge,31,NYY,106,458,38,1,-1,-4,-4,30,3.0,15,45,4.5,.528,.518,4.8,-0.8,49,$40000000,Free Agency,9D8/H,judgeaa01
338,Edouard Julien*,24,MIN,109,408,15,1,0,-3,0,13,1.3,14,26,2.6,.512,.508,2.9,-0.3,29,,Amateur Draft,4DH/3,julieed01
339,Corey Julks,27,HOU,93,323,-8,1,0,3,-4,-8,-0.7,11,4,0.3,.492,.495,0.0,-0.1,1,,Amateur Draft,7DH/9,julksco01
340,Josh Jung,25,TEX,122,515,5,-2,0,0,3,6,0.7,18,24,2.4,.505,.504,2.3,0.4,24,$721485,Amateur Draft,*5/H,jungjo01
341,Jakob Junis,30,SFG,1,0,0,0,0,0,0,0,0.0,0,0,0.0,.500,.500,0.0,0.0,0,$2800000,Free Agency,1,junisja01
342,Connor Kaiser,26,COL,3,4,-1,0,0,0,0,-1,-0.1,0,-1,-0.1,.462,.499,-0.1,0.0,-1,,Free Agency,/6H,kaiseco01
343,Karl Kauffmann,25,COL,1,0,0,0,0,0,0,0,0.0,0,0,0.0,.500,.500,0.0,0.0,0,,Amateur Draft,1,kauffka01
344,Anthony Kay*,28,CHC,4,0,0,0,0,0,0,0,0.0,0,0,0.0,.500,.500,0.0,0.0,0,,Waivers,1,kayan01
345,Jarred Kelenic*,23,SEA,105,416,5,1,0,3,-3,6,0.6,14,20,2.0,.506,.504,1.7,0.0,17,$729400,Traded,79/8HD,kelenja01
346,Carson Kelly,28,2TM,50,151,-9,0,0,2,3,-4,-0.4,5,1,0.1,.492,.498,-0.1,0.5,-1,$4275000,Traded,2/1,kellyca02
347,Tony Kemp*,31,OAK,124,419,-11,0,0,-12,-1,-24,-2.4,14,-10,-1.0,.480,.485,0.2,-1.3,2,$3725000,Traded,74H/D,kempto01
348,Buddy Kennedy,24,ARI,10,29,-2,0,0,1,0,-1,-0.1,1,0,0.0,.494,.500,-0.1,0.1,-1,,Amateur Draft,/5HD4,kennebu01
349,Max Kepler*,30,MIN,130,491,14,0,0,2,-4,12,1.2,17,29,2.9,.509,.507,2.6,-0.2,26,$8500000,Amateur Free Agent,*9H/D,keplema01
350,Grae Kessinger,25,HOU,26,45,-2,-1,0,1,0,-1,-0.1,2,0,0.0,.495,.499,-0.1,0.1,-1,,Amateur Draft,/H5643,kessigr01
351,Carter Kieboom,25,WSN,27,94,-4,0,0,-1,1,-4,-0.4,3,-1,-0.1,.485,.497,0.0,-0.1,0,,Amateur Draft,5/HD,kieboca01
352,Kevin Kiermaier*,33,TOR,129,408,2,1,1,18,3,24,2.5,14,38,3.9,.519,.515,2.0,2.2,20,$9000000,Free Agency,*8/HD,kiermke01
353,Ha-Seong Kim,27,SDP,152,626,13,4,-1,16,6,38,3.8,21,59,5.8,.525,.523,4.2,2.1,43,$7000000,Free Agency,456/HD,kimha01
354,Isiah Kiner-Falefa,28,NYY,113,361,-10,-1,-1,0,0,-12,-1.2,12,1,0.0,.489,.493,-0.1,0.1,1,$6000000,Traded,875H/9146,kineris01
355,John King*,28,TEX,1,0,0,0,0,0,0,0,0.0,0,0,0.0,.500,.500,0.0,0.0,0,,Amateur Draft,1,kingjo01
356,Alex Kirilloff*,25,MIN,88,319,6,-1,1,-8,-5,-7,-0.6,11,4,0.4,.493,.496,1.2,-1.3,12,,Amateur Draft,3H97/D,kirilal01
357,Alejandro Kirk,24,TOR,123,422,-3,-5,-3,11,6,5,0.6,14,20,1.9,.504,.503,0.8,1.7,9,$767300,Amateur Free Agent,2HD,kirkal01
358,Heston Kjerstad*,24,BAL,13,33,0,0,0,0,-1,-1,-0.1,1,1,0.0,.495,.500,0.0,-0.1,1,,Amateur Draft,/DH79,kjershe01
359,Andrew Knizner,28,STL,70,241,-4,0,-1,3,5,3,0.3,8,11,1.0,.504,.502,0.7,0.8,8,$1100000,Amateur Draft,2/H3D,kniznan01
360,Taylor Kohlwey*,28,SDP,5,13,-2,0,0,0,0,-2,-0.2,0,-2,-0.2,.452,.499,-0.2,0.0,-2,,Amateur Draft,/7DH9,kohlwta01
361,Mark Kolozsvary,27,BAL,1,0,0,0,0,0,0,0,0.0,0,0,0.0,.501,.500,0.0,0.0,0,,Waivers,/2,kolozma01
362,Ryan Kreidler,25,DET,11,18,-3,0,0,-1,0,-4,-0.4,1,-4,-0.4,.461,.497,-0.3,-0.1,-3,$721600,Amateur Draft,/456DH,kreidry01
363,Steven Kwan*,25,CLE,158,718,0,1,1,16,-5,13,1.4,23,36,3.6,.509,.508,1.9,1.2,20,$727300,Amateur Draft,*7/DH,kwanst01
364,Tommy La Stella*,34,SEA,12,24,-1,0,0,0,-1,-2,-0.2,1,-1,-0.1,.483,.499,-0.1,-0.1,-1,$720000,Free Agency,/DH,lasteto01
365,Jake Lamb*,32,LAA,18,54,-2,-1,0,2,-1,-1,-0.1,2,1,0.1,.494,.499,-0.2,0.2,-1,$288960,Free Agency,3/H1,lambja01
366,Alex Lange,27,DET,1,0,0,0,0,0,0,0,0.0,0,0,0.0,.500,.500,0.0,0.0,0,$726000,Traded,1,langeal01
367,Shea Langeliers,25,OAK,135,490,-5,-1,-1,-6,8,-6,-0.6,17,11,1.1,.496,.496,1.6,0.3,17,$720000,Traded,*2/DH,langesh01
368,Trevor Larnach*,26,MIN,58,212,0,-1,0,-3,-3,-7,-0.7,7,1,0.1,.489,.496,0.3,-0.6,4,$733650,Amateur Draft,79/HD,larnatr01
369,Ramón Laureano,28,2TM,105,404,-3,1,0,10,-3,5,0.5,14,18,1.8,.505,.502,0.8,0.8,8,$3550000,Waivers,98/HD,laurera01
370,Derek Law,32,CIN,1,0,0,0,0,0,0,0,0.0,0,0,0.0,.500,.500,0.0,0.0,0,$1000000,Free Agency,1,lawde01
371,Jordan Lawlar,20,ARI,14,34,-4,0,0,1,1,-3,-0.3,1,-1,-0.2,.481,.498,-0.3,0.2,-2,,Amateur Draft,6/H,lawlajo01
372,Justin Lawrence,28,COL,1,0,0,0,0,0,0,0,0.0,0,0,0.0,.500,.500,0.0,0.0,0,$722000,Amateur Draft,1,lawreju01
373,Korey Lee,24,CHW,24,70,-10,0,0,0,1,-9,-0.9,2,-6,-0.7,.463,.494,-0.7,0.2,-6,,Traded,2/DH,leeko01
374,Mark Leiter Jr.,32,CHC,1,0,0,0,0,0,0,0,0.0,0,0,0.0,.500,.500,0.0,0.0,0,$850000,Free Agency,1,leitema02
375,DJ LeMahieu,34,NYY,136,562,-3,-5,-2,5,-1,-6,-0.6,19,13,1.3,.496,.496,0.8,0.4,8,$15000000,Free Agency,53/4HD,lemahdj01
376,Sandy León#,34,TEX,21,44,-6,0,0,-1,1,-6,-0.7,2,-5,-0.5,.468,.496,-0.4,0.0,-4,$100000,Free Agency,2/1H,leonsa01
377,Josh Lester*,28,BAL,11,23,-2,0,0,0,0,-3,-0.3,1,-2,-0.2,.477,.498,-0.2,-0.1,-2,,Free Agency,/3HD519,lestejo02
378,Kyle Lewis,27,ARI,16,54,-6,0,0,0,-1,-7,-0.7,2,-5,-0.5,.455,.496,-0.5,-0.1,-5,$1610000,Traded,D/H7,lewisky01
379,Royce Lewis,24,MIN,58,239,14,0,0,2,1,16,1.7,8,25,2.4,.528,.510,2.2,0.3,22,,Amateur Draft,5/DH6,lewisro02
380,Francisco Lindor#,29,NYM,160,687,16,5,2,7,9,39,3.8,23,62,6.0,.524,.524,5.3,1.6,55,$34100000,Traded,*6/DH,lindofr01
381,Andre Lipcius,25,DET,13,38,0,0,0,-4,0,-4,-0.4,1,-2,-0.3,.472,.498,0.2,-0.4,2,,Amateur Draft,5/HD,lipcian01
382,Luke Little*,22,CHC,1,0,0,0,0,0,0,0,0.0,0,0,0.0,.500,.500,0.0,0.0,0,,Amateur Draft,/1,littllu01
383,Tim Locastro,30,NYM,43,67,1,1,0,1,-1,2,0.2,2,4,0.4,.505,.501,0.3,0.0,3,$1400000,Free Agency,7H/8D9,locasti01
384,Nick Loftin,24,KCR,19,68,2,0,0,1,0,3,0.4,2,6,0.6,.518,.502,0.5,0.1,5,,Amateur Draft,/345DH,loftini01
385,Evan Longoria,37,ARI,74,237,-2,0,-2,2,-1,-3,-0.3,8,5,0.5,.496,.498,0.3,0.1,3,$4000000,Free Agency,5DH,longoev01
386,Alejo López#,27,CIN,1,2,0,0,0,1,0,2,0.2,0,2,0.2,.655,.501,0.1,0.1,1,,Amateur Draft,/4,lopezal03
387,Irving Lopez*,28,STL,5,12,-3,0,0,-1,0,-4,-0.4,0,-4,-0.4,.413,.497,-0.3,-0.1,-3,,Amateur Draft,/54H,lopezir01
388,Nicky Lopez*,28,2TM,93,262,-7,0,1,13,2,10,1.0,9,19,1.8,.511,.503,0.5,1.6,5,$3700000,Traded,4/6351H,lopezni01
389,Brandon Lowe*,28,TBR,109,436,7,0,1,-5,3,6,0.7,15,21,2.1,.506,.504,2.6,-0.2,26,$5250000,Amateur Draft,4/HD,lowebr01
390,Josh Lowe*,25,TBR,135,501,17,4,1,3,-5,20,2.1,17,37,3.7,.515,.513,3.4,-0.2,34,$723200,Amateur Draft,9DH8/7,lowejo01
391,Nathaniel Lowe*,27,TEX,161,724,11,-3,-2,3,-7,3,0.4,23,26,2.6,.502,.502,2.2,-0.4,23,$4050000,Traded,*3,lowena01
392,Marco Luciano,21,SFG,14,45,-1,0,0,-1,1,-1,-0.1,2,1,0.1,.494,.500,0.2,0.0,2,,Free Agency,6/D,luciama01
393,Nathan Lukes*,28,TOR,29,31,-1,0,0,1,-2,-2,-0.2,1,-1,-0.1,.494,.499,-0.2,-0.1,-2,,Free Agency,9H/D78,lukesna01
394,Jordan Luplow,29,2TM,39,90,-2,1,0,0,-1,-3,-0.3,3,0,0.0,.492,.499,0.0,-0.2,0,,Waivers,7H/9D381,luplojo01
395,Manny Machado,30,SDP,138,601,11,-2,-2,4,0,10,1.0,20,30,2.9,.507,.506,2.5,0.4,26,$17090909,Free Agency,5D,machama01
396,Nick Madrigal,26,CHC,92,294,-9,-1,1,9,2,2,0.2,10,12,1.2,.503,.501,0.3,1.1,3,$1225000,Traded,5H4/D,madrini01
397,Bligh Madris*,27,HOU,12,30,-2,0,0,-1,0,-4,-0.4,1,-3,-0.3,.467,.498,-0.2,-0.1,-2,,Purchased,/HD371,madribl01
398,Drew Maggi,34,PIT,3,6,0,0,0,0,0,0,0.0,0,0,0.0,.501,.500,0.0,0.0,0,,Purchased,/5HD,maggidr01
399,Luke Maile,32,CIN,74,199,-2,-1,-1,2,4,3,0.3,7,10,0.9,.504,.502,0.7,0.6,8,$1175000,Free Agency,2/1HD,mailelu01
400,Martín Maldonado,36,HOU,116,407,-19,0,-1,2,8,-10,-1.0,14,4,0.3,.491,.494,0.1,1.1,2,$4000000,Traded,*2/1,maldoma01
401,Trey Mancini,31,CHC,79,263,-11,-1,-1,-5,-5,-22,-2.3,9,-13,-1.4,.472,.486,-0.9,-1.0,-8,$7000000,Free Agency,3DH/9,mancitr01
402,Tucupita Marcano*,23,PIT,75,220,-8,0,1,-6,4,-9,-1.0,8,-2,-0.3,.487,.494,0.4,-0.3,4,,Traded,64H/5D,marcatu01
403,Manuel Margot,28,TBR,99,336,-4,1,1,-3,0,-5,-0.5,11,6,0.6,.495,.497,0.9,-0.3,9,$7000000,Traded,89H,margoma01
404,Jake Marisnick,32,3TM,46,83,-1,-1,0,4,0,1,0.1,3,4,0.4,.503,.500,0.0,0.4,0,$866636,Free Agency,8/9HD,marisja01
405,Cade Marlowe*,26,SEA,34,100,1,0,0,6,-1,7,0.7,3,10,1.0,.521,.504,0.4,0.5,4,,Amateur Draft,7/H8D9,marloca01
406,Brandon Marsh*,25,PHI,133,472,17,1,0,0,2,19,1.9,16,35,3.4,.514,.512,3.5,0.1,35,$734500,Traded,*87H/9D,marshbr02
407,Ketel Marte#,29,ARI,150,650,23,0,0,2,5,29,2.9,22,51,4.9,.519,.518,4.8,0.6,49,$11600000,Traded,*4/DH86,marteke01
408,Noelvi Marte,21,CIN,35,123,2,0,1,0,1,4,0.4,4,8,0.8,.512,.503,0.8,0.1,8,,Traded,5/6HD4,marteno01
409,Starling Marte,34,NYM,86,341,-12,3,0,-7,-2,-19,-1.9,12,-7,-0.8,.478,.488,-0.1,-1.0,0,$20750000,Free Agency,9/H8,martest01
410,Chris Martin,37,BOS,1,0,0,0,0,0,0,0,0.0,0,0,0.0,.500,.500,0.0,0.0,0,$8000000,Free Agency,1,martich02
411,J.D. Martinez,35,LAD,113,479,17,-2,-2,0,-10,4,0.4,16,20,1.9,.503,.502,1.9,-1.0,20,$10000000,Free Agency,*D/7H,martijd02
412,J.P. Martínez*,27,TEX,17,44,-3,0,0,0,0,-3,-0.3,2,-2,-0.2,.482,.498,-0.2,-0.1,-2,,Free Agency,/H79D8,martijp01
413,Seth Martinez,28,HOU,1,0,0,0,0,0,0,0,0.0,0,0,0.0,.500,.500,0.0,0.0,0,$730200,Rule 5 Draft,1,martise01
414,Nick Martini*,33,CIN,29,79,4,0,0,-2,-2,0,0.0,3,2,0.2,.499,.500,0.4,-0.4,4,,Free Agency,7HD/39,martini02
415,Michael Massey*,25,KCR,129,461,-12,0,2,-9,3,-16,-1.6,16,0,-0.1,.487,.490,0.8,-0.6,9,$722850,Amateur Draft,*4H/D,massemi02
416,Miles Mastrobuoni*,27,CHC,60,149,-7,2,2,3,0,0,0.0,5,6,0.5,.501,.500,0.2,0.3,2,$720500,Traded,5H/4D9671,mastrmi01
417,Jorge Mateo,28,BAL,116,350,-13,3,0,1,6,-4,-0.3,12,8,0.8,.497,.498,0.7,0.7,7,$2000000,Waivers,*6H/8D,mateojo01
418,Mark Mathias,28,2TM,27,72,-1,0,0,-4,0,-5,-0.5,2,-3,-0.3,.482,.498,0.1,-0.4,1,,Traded,4/HD9,mathima01
419,Nick Maton*,26,DET,93,293,-13,-1,0,-11,1,-24,-2.4,10,-14,-1.5,.474,.485,-0.4,-1.0,-3,$726600,Traded,54HD/6,matonni01
420,Phil Maton,30,HOU,4,0,0,0,0,0,0,0,0.0,0,0,0.0,.500,.500,0.0,0.0,0,$2550000,Traded,1,matonph01
421,Luis Matos,21,SFG,76,253,-3,-1,1,-10,0,-12,-1.2,9,-3,-0.4,.484,.493,0.6,-1.0,7,,Free Agency,897/HD,matoslu02
422,Ronny Mauricio#,22,NYM,26,108,-3,2,0,-1,1,-2,-0.2,4,2,0.2,.493,.499,0.3,0.0,3,,Free Agency,4/56,mauriro01
423,Tim Mayza*,31,TOR,2,0,0,0,0,0,0,0,0.0,0,0,0.0,.500,.500,0.0,0.0,0,$2100000,Amateur Draft,1,mayzati01
424,James McArthur,26,KCR,1,0,0,0,0,0,0,0,0.0,0,0,0.0,.500,.500,0.0,0.0,0,,,1,mcartja01
425,James McCann,33,BAL,69,226,-5,-1,-1,1,3,-2,-0.2,8,6,0.5,.497,.499,0.4,0.5,5,$12150000,Traded,2/DH31,mccanja02
426,Jake McCarthy*,25,ARI,99,312,-8,4,1,1,-2,-5,-0.5,11,5,0.5,.495,.497,0.4,-0.2,4,$735600,Amateur Draft,9H8/D,mccarja02
427,Chas McCormick,28,HOU,115,457,17,0,1,5,-2,21,2.1,16,36,3.6,.518,.513,3.1,0.4,31,$752500,Amateur Draft,*789/DH,mccorch01
428,Mason McCoy,28,TOR,6,1,0,0,0,0,0,0,0.0,0,0,0.0,.497,.500,0.0,0.0,0,,Traded,/6H,mccoyma01
429,Andrew McCutchen,36,PIT,112,473,9,-2,1,1,-9,0,0.0,16,16,1.5,.500,.500,1.4,-0.8,15,$5000000,Free Agency,D/H9,mccutan01
430,Scott McGough,33,ARI,2,0,0,0,0,0,0,0,0.0,0,0,0.0,.500,.500,0.0,0.0,0,$2500000,Free Agency,1,mcgousc01
431,Reese McGuire*,28,BOS,72,206,-6,-2,0,-6,4,-10,-1.0,7,-3,-0.3,.486,.494,0.3,-0.2,3,$1225000,Traded,2H/D,mcguire01
432,Ryan McKenna,26,BAL,88,139,-2,2,-1,3,-2,1,0.1,5,5,0.5,.501,.500,0.2,0.1,2,$725800,Amateur Draft,98H7/D1,mckenry01
433,Billy McKinney*,28,NYY,48,147,-1,1,1,-2,-1,-3,-0.3,5,2,0.2,.494,.498,0.4,-0.3,4,,Free Agency,79/8H3,mckinbi01
434,Zach McKinstry*,28,DET,148,518,-12,2,1,1,2,-6,-0.6,18,12,1.1,.496,.496,1.0,0.3,11,$734500,Traded,549H67/8D1,mckinza01
435,Matt McLain,23,CIN,89,403,17,-1,1,4,4,25,2.4,13,38,3.7,.528,.515,3.3,0.8,34,,Amateur Draft,64/DH,mclaima01
436,Ryan McMahon*,28,COL,152,627,-7,-3,-1,17,4,9,0.9,21,31,2.9,.506,.506,1.2,2.1,13,$9000000,Amateur Draft,*54/HD,mcmahry01
437,Jeff McNeil*,31,NYM,156,648,-2,1,3,0,1,3,0.3,22,25,2.4,.502,.502,2.4,0.1,25,$6250000,Amateur Draft,497/H836,mcneije01
438,Curtis Mead,22,TBR,24,92,-1,0,0,3,1,2,0.2,3,5,0.5,.510,.501,0.2,0.4,2,,Traded,5/4DH6,meadcu01
439,Austin Meadows*,28,DET,6,21,-2,0,0,0,0,-2,-0.2,1,-1,-0.2,.465,.499,-0.2,0.0,-1,$4300000,Traded,/7H9,meadoau01
440,Parker Meadows*,23,DET,37,145,0,1,0,3,1,4,0.5,5,9,0.9,.512,.503,0.6,0.4,6,,Amateur Draft,8/DH,meadopa01
441,Wade Meckler*,23,SFG,20,64,-3,0,0,0,0,-2,-0.2,2,0,0.0,.489,.499,0.0,0.0,0,,Amateur Draft,8/H7,mecklwa01
442,Francisco Mejia#,27,TBR,50,160,-4,0,0,-2,3,-4,-0.4,5,2,0.2,.492,.498,0.4,0.1,4,$2155000,Traded,2/H,mejiafr01
443,MJ Melendez*,24,KCR,148,602,-2,-2,1,-15,-5,-23,-2.3,21,-3,-0.4,.484,.485,1.1,-2.0,12,$726500,Amateur Draft,*97D2/H3,melenmj01
444,Danny Mendick,29,NYM,33,69,-6,-1,0,-4,0,-11,-1.1,2,-8,-0.9,.468,.493,-0.5,-0.4,-4,$1000000,Free Agency,4/5H7D1,mendida01
445,Joey Meneses,31,WSN,154,657,1,-2,-2,0,-12,-16,-1.6,22,7,0.5,.490,.490,0.6,-1.3,7,$723300,Free Agency,*D3/H9,menesjo01
446,Óscar Mercado,28,STL,20,32,0,0,0,-3,-1,-3,-0.3,1,-2,-0.2,.486,.498,0.1,-0.4,1,,Free Agency,/978DH,mercaos01
447,Whit Merrifield,34,TOR,145,592,-4,0,-1,-8,0,-13,-1.3,20,7,0.7,.491,.492,1.5,-0.8,15,$6750000,Traded,47/H9,merriwh01
448,Julian Merryweather,31,CHC,1,0,0,0,0,0,0,0,0.0,0,0,0.0,.500,.500,0.0,0.0,0,$737000,Waivers,1,merryju01
449,Matt Mervis*,25,CHC,27,99,-7,-1,0,2,-1,-7,-0.7,3,-3,-0.4,.474,.496,-0.6,0.1,-5,,Free Agency,3/H,mervima01
450,Jake Meyers,27,HOU,112,341,-5,0,2,5,2,4,0.4,12,16,1.6,.504,.503,1.0,0.8,11,$732000,Amateur Draft,8H/7D,meyerja02
451,Drew Millas#,25,WSN,11,33,1,0,0,-1,1,1,0.1,1,2,0.2,.507,.501,0.3,0.0,3,,Traded,2/H,milladr01
452,Brad Miller*,33,TEX,27,67,-1,0,0,0,-2,-2,-0.2,2,0,0.0,.491,.498,0.0,-0.2,0,$4000000,Free Agency,D/H351,millebr02
453,Owen Miller,26,MIL,90,314,-8,1,0,2,-1,-6,-0.6,11,5,0.4,.494,.496,0.3,0.1,3,$731100,Traded,435H/7D9,milleow01
454,Shelby Miller,32,LAD,1,1,0,0,0,0,0,0,0.0,0,0,0.0,.500,.500,0.0,0.0,0,$1500000,Free Agency,1,millesh01
455,José Miranda,25,MIN,40,152,-8,1,-1,0,1,-7,-0.7,5,-2,-0.2,.482,.495,-0.2,0.1,-2,$727850,Amateur Draft,5/D3H,miranjo01
456,Calvin Mitchell*,24,PIT,2,5,-1,0,0,0,0,-1,-0.1,0,-1,-0.1,.457,.499,-0.1,0.0,-1,,Amateur Draft,/H9,mitchca01
457,Garrett Mitchell*,24,MIL,19,73,1,0,0,3,1,4,0.4,2,7,0.7,.523,.503,0.4,0.4,4,$724300,Amateur Draft,8/H,mitchga01
458,Andruw Monasterio,26,MIL,92,315,-4,-1,-2,7,2,3,0.3,11,14,1.3,.503,.502,0.6,0.9,7,,Free Agency,54/HD6,monasan01
459,Yoán Moncada#,28,CHW,92,357,-1,0,-1,-6,2,-6,-0.5,12,7,0.7,.494,.497,1.2,-0.4,13,$17800000,Traded,5/H,moncayo01
460,Mickey Moniak*,25,LAA,85,323,4,-1,0,6,1,10,1.1,11,21,2.2,.513,.507,1.5,0.7,15,,Traded,897/H,moniami01
461,Elehuris Montero,24,COL,85,307,-6,-1,0,0,-4,-11,-1.1,10,0,-0.1,.488,.493,-0.1,-0.4,0,$722000,Traded,3D5/H,monteel01
462,Rafael Montero,32,HOU,1,0,0,0,0,0,0,0,0.0,0,0,0.0,.500,.500,0.0,0.0,0,$11500000,Free Agency,1,montera01
463,Coco Montes,26,COL,18,41,-3,0,0,-1,0,-4,-0.4,1,-3,-0.3,.477,.497,-0.2,-0.1,-2,,Amateur Draft,4/5H6,monteco01
464,Dylan Moore,30,SEA,67,165,1,-2,0,0,-1,-1,-0.1,6,5,0.5,.499,.499,0.5,-0.1,5,$2083333,Free Agency,H47/6D9385,mooredy01
465,Jovani Morán*,26,MIN,2,0,0,0,0,0,0,0,0.0,0,0,0.0,.500,.500,0.0,0.0,0,$726200,Free Agency,1,moranjo01
466,Christopher Morel,24,CHC,107,429,8,-1,0,-4,-5,-2,-0.2,15,13,1.2,.498,.499,1.6,-0.9,17,,Free Agency,D48/795H6,morelch01
467,Gabriel Moreno,23,ARI,111,380,2,-1,-2,24,7,31,3.1,13,44,4.3,.528,.519,1.9,3.1,19,$722500,Traded,2H/D,morenga01
468,Taylor Motter,33,STL,29,82,-8,-1,0,0,1,-8,-0.8,3,-5,-0.6,.471,.495,-0.6,0.1,-5,$775000,Free Agency,45/H63D9,motteta01
469,Ryan Mountcastle,26,BAL,115,470,9,2,-1,2,-6,5,0.5,16,21,2.1,.504,.503,1.9,-0.4,19,$738400,Amateur Draft,3D/H,mountry01
470,Mike Moustakas*,34,2TM,112,386,-10,-1,-1,1,-2,-13,-1.3,13,0,-0.1,.488,.495,-0.2,-0.1,-1,$720000,,3H5/D,moustmi01
471,Cedric Mullins*,28,BAL,116,455,-2,4,0,7,3,12,1.3,16,28,2.8,.511,.508,2.0,1.0,21,$4100000,Amateur Draft,*8/HD,mullice01
472,Max Muncy*,32,LAD,135,579,9,-1,1,-3,3,8,0.8,19,28,2.6,.506,.505,3.0,-0.1,31,$13500000,Free Agency,*5D/H,muncyma01
473,Andrés Muñoz,24,SEA,1,0,0,0,0,0,0,0,0.0,0,0,0.0,.500,.500,0.0,0.0,0,$1687500,Traded,1,munozan01
474,Penn Murfee,29,SEA,1,0,0,0,0,0,0,0,0.0,0,0,0.0,.500,.500,0.0,0.0,0,$727000,Amateur Draft,1,murfepe01
475,Sean Murphy,28,ATL,108,438,15,0,-2,6,7,26,2.5,15,41,3.9,.524,.516,3.4,1.3,34,$4000000,Traded,2/DH,murphse01
476,Tom Murphy,32,SEA,47,159,7,-1,0,-2,3,6,0.7,5,12,1.2,.514,.504,1.4,0.1,14,$1625000,Traded,2/DH,murphto04
477,Dane Myers,27,MIA,22,70,-3,0,0,-3,0,-5,-0.5,2,-3,-0.3,.476,.497,0.0,-0.3,0,,Waivers,8/D7H,myersda01
478,Wil Myers,32,CIN,37,141,-10,0,0,2,-2,-10,-1.1,5,-6,-0.6,.471,.493,-0.8,0.0,-7,$6000000,Free Agency,93/DH,myerswi01
479,James Naile,30,STL,1,0,0,0,0,0,0,0,0.0,0,0,0.0,.500,.500,0.0,0.0,0,,Free Agency,1,naileja01
480,Tyler Naquin*,32,CHW,5,8,-2,0,0,-1,0,-3,-0.3,0,-3,-0.3,.432,.498,-0.2,-0.1,-2,,Purchased,/7H9,naquity01
481,Andrew Nardi*,24,MIA,1,0,0,0,0,0,0,0,0.0,0,0,0.0,.500,.500,0.0,0.0,0,$723000,Amateur Draft,1,nardian01
482,Omar Narváez*,31,NYM,49,146,-7,-1,0,0,3,-5,-0.5,5,0,0.0,.490,.497,0.0,0.3,0,$8000000,Free Agency,2/H,narvaom01
483,Bo Naylor*,23,CLE,67,230,6,0,0,-3,4,8,0.8,8,15,1.5,.511,.505,1.8,0.1,18,,Amateur Draft,2/H,naylobo01
484,Josh Naylor*,26,CLE,121,495,17,-2,0,0,-7,8,0.8,17,25,2.5,.507,.505,2.4,-0.7,25,$3350000,Traded,3D/H9,naylojo01
485,Kyle Nelson*,26,ARI,1,0,0,0,0,0,0,0,0.0,0,0,0.0,.500,.500,0.0,0.0,0,$728900,Waivers,1,nelsoky01
486,Héctor Neris,34,HOU,1,0,0,0,0,0,0,0,0.0,0,0,0.0,.500,.500,0.0,0.0,0,$8000000,Free Agency,1,nerishe01
487,Zach Neto,22,LAA,84,329,-4,0,1,3,5,5,0.5,11,16,1.6,.506,.503,1.3,0.8,13,,Amateur Draft,6/H,netoza01
488,Tyler Nevin,26,DET,41,111,-3,0,0,-4,-1,-9,-0.9,4,-5,-0.6,.478,.494,-0.2,-0.5,-1,,Purchased,5HD/379,nevinty01
489,Kevin Newman,29,CIN,74,253,-6,1,0,-8,1,-13,-1.3,9,-4,-0.4,.483,.492,0.4,-0.7,4,$2662000,Traded,564H/3D,newmake01
490,Tomás Nido,29,NYM,22,61,-10,0,0,0,1,-9,-0.9,2,-7,-0.8,.457,.494,-0.8,0.1,-7,$1600000,Amateur Draft,2/H,nidoto01
491,Brandon Nimmo*,30,NYM,152,682,24,-4,2,-7,4,19,1.8,22,41,3.9,.512,.512,4.7,-0.4,48,$18500000,Free Agency,*87/DH,nimmobr01
492,Ryan Noda*,27,OAK,128,495,14,-1,0,0,-7,6,0.7,17,23,2.3,.505,.504,2.3,-0.7,23,,Waivers,*3H/D97,nodary01
493,Austin Nola,33,SDP,52,154,-12,1,0,-1,3,-10,-1.0,5,-4,-0.5,.481,.494,-0.4,0.2,-3,$2350000,Traded,2/H,nolaau01
494,Lars Nootbaar*,25,STL,117,503,11,3,0,3,0,18,1.7,17,34,3.3,.515,.511,3.1,0.3,31,$732400,Amateur Draft,*897/HD,nootbla01
495,Ryan O'Hearn*,29,BAL,112,368,9,0,2,-5,-6,0,0.0,13,13,1.2,.500,.500,1.7,-1.1,17,$1400000,Purchased,39HD/7,ohearry01
496,Logan O'Hoppe,23,LAA,51,199,2,-1,0,-4,3,-1,-0.1,7,6,0.6,.499,.500,1.0,0.0,10,$730000,Traded,2/DH,ohopplo01
497,Brian O'Keefe,29,SEA,8,21,-2,0,0,0,0,-3,-0.3,1,-2,-0.2,.467,.498,-0.2,0.0,-2,,Free Agency,/2H,okeefbr01
498,Tyler O'Neill,28,STL,72,266,-2,0,0,-1,-2,-5,-0.6,9,4,0.3,.493,.497,0.4,-0.3,5,$4950000,Traded,78/HD,oneilty01
499,Rougned Odor*,29,SDP,59,157,-3,0,0,-5,0,-8,-0.8,5,-2,-0.3,.487,.495,0.2,-0.5,3,$800000,Free Agency,4H/5D93,odorro01
500,Shohei Ohtani*,28,LAA,135,599,54,1,2,0,-11,45,4.5,19,64,6.0,.533,.528,6.0,-1.1,64,$30000000,Free Agency,*D1,ohtansh01
501,Chris Okey,28,LAA,2,2,-1,0,0,0,0,-1,-0.1,0,0,0.0,.475,.500,0.0,0.0,0,,Free Agency,/2,okeych01
502,Edward Olivares,27,KCR,107,385,6,0,1,-11,-6,-10,-0.9,13,4,0.3,.491,.494,1.4,-1.7,15,$740750,Traded,7DH/98,olivaed02
503,Matt Olson*,29,ATL,162,720,52,1,-1,8,-8,53,5.2,23,76,7.4,.532,.532,6.6,0.0,68,$21000000,Traded,*3,olsonma02
504,Jonathan Ornelas,23,TEX,8,8,-1,0,0,0,0,-1,-0.1,0,0,0.0,.493,.500,0.0,0.0,0,,Amateur Draft,/65H,orneljo01
505,Rafael Ortega*,32,NYM,47,136,-3,1,1,-1,-1,-2,-0.3,5,2,0.2,.495,.499,0.3,-0.2,3,,Free Agency,87/H9D,ortegra01
506,Joey Ortiz,24,BAL,15,34,-3,0,0,2,0,-1,-0.1,1,0,0.0,.492,.499,-0.2,0.3,-2,,Amateur Draft,/45H6,ortizjo06
507,James Outman*,26,LAD,151,567,8,2,1,1,3,15,1.5,19,34,3.3,.510,.509,3.2,0.4,33,$722500,Amateur Draft,*87/H9D,outmaja01
508,Chris Owings,31,PIT,10,25,-4,0,0,0,0,-4,-0.4,1,-3,-0.3,.461,.498,-0.3,0.1,-3,$100000,Free Agency,6/81,owingch01
509,Marcell Ozuna,32,ATL,144,592,28,-1,1,-1,-12,14,1.4,20,34,3.3,.510,.509,3.4,-1.4,35,$18000000,Free Agency,*D/7H,ozunama01
510,Cristian Pache,24,PHI,48,95,1,-1,0,5,-1,4,0.4,3,7,0.7,.508,.502,0.2,0.4,2,,Traded,78H/9D,pachecr01
511,Chris Paddack,27,MIN,0,0,0,0,0,0,0,0,,0,0,,,,,,0,$2500000,Traded,/1,paddach01
512,Kevin Padlo,26,LAA,3,8,-1,0,0,-1,0,-2,-0.3,0,-2,-0.2,.418,.498,-0.1,-0.1,-1,,Free Agency,/35,padloke01
513,Emilio Pagán*,32,MIN,1,0,0,0,0,0,0,0,0.0,0,0,0.0,.500,.500,0.0,0.0,0,$3500000,Traded,1,paganem01
514,Joshua Palacios*,27,PIT,91,264,-6,-1,0,0,-3,-10,-1.0,9,-1,-0.2,.489,.494,-0.1,-0.3,-1,,Waivers,9H78/D,palacjo01
515,Richie Palacios*,26,STL,32,102,2,0,1,-1,-1,1,0.1,3,5,0.5,.505,.501,0.6,-0.2,6,,Purchased,7/8HD94,palacri01
516,Isaac Paredes,24,TBR,143,571,24,-1,-1,-2,2,22,2.3,20,42,4.2,.516,.514,4.3,0.0,44,$735000,Traded,*534/HD6,paredis01
517,Kyren Paris,21,LAA,15,46,-5,1,0,2,1,-1,-0.1,2,0,0.0,.491,.499,-0.2,0.3,-2,,Amateur Draft,/648HD,parisky01
518,Vinnie Pasquantino*,25,KCR,61,260,2,-1,-1,-3,-4,-7,-0.7,9,2,0.1,.488,.496,0.4,-0.7,5,$725500,Amateur Draft,3D/H,pasquvi01
519,Joc Pederson*,31,SFG,121,425,5,1,0,-5,-8,-8,-0.8,15,7,0.6,.494,.495,1.1,-1.4,12,$19650000,Free Agency,D7H/93,pederjo01
520,Liover Peguero,22,PIT,59,213,-8,0,0,-7,3,-12,-1.2,7,-5,-0.5,.479,.492,0.2,-0.4,2,,Traded,64,pegueli01
521,Jeremy Peña,25,HOU,150,634,-1,0,1,7,9,17,1.8,22,38,3.8,.511,.511,3.1,1.7,31,$754900,Amateur Draft,*6,penaje02
522,David Peralta*,35,LAD,133,422,-10,-2,2,8,-4,-7,-0.7,14,8,0.6,.495,.496,-0.1,0.3,0,$6500000,Free Agency,*7H9/D,peralda01
523,Oswald Peraza,23,NYY,52,191,-12,-2,0,0,2,-13,-1.3,7,-6,-0.7,.475,.492,-0.7,0.2,-6,,Free Agency,54/6HD,perazos02
524,Geraldo Perdomo#,23,ARI,144,495,-2,2,1,-2,8,7,0.7,17,24,2.3,.505,.504,2.5,0.6,26,$738600,Amateur Free Agent,*645H,perdoge01
525,Everson Pereira,22,NYY,27,103,-10,0,0,2,-1,-9,-0.9,4,-5,-0.6,.465,.494,-0.8,0.1,-7,,Free Agency,7,pereiev01
526,Carlos Pérez,32,OAK,66,189,-3,-1,0,3,0,-1,-0.1,6,6,0.5,.499,.499,0.2,0.3,3,$740000,Free Agency,2H3D/17,perezca02
527,Carlos Pérez,26,CHW,27,53,-2,0,0,-1,1,-2,-0.2,2,0,0.0,.492,.499,0.1,0.0,1,,Free Agency,2H/D,perezca03
528,Cionel Pérez,27,BAL,3,0,0,0,0,0,0,0,0.0,0,0,0.0,.500,.500,0.0,0.0,0,$732400,Waivers,1,perezci01
529,Michael Pérez*,30,NYM,3,8,1,0,0,1,0,2,0.2,0,3,0.3,.572,.501,0.2,0.1,1,,Free Agency,/2,perezmi03
530,Roberto Pérez,34,SFG,5,17,-2,0,0,0,0,-1,-0.2,1,-1,-0.1,.471,.499,-0.1,0.0,-1,$2500000,Free Agency,/2,perezro02
531,Salvador Perez,33,KCR,140,580,-8,-3,-1,-5,3,-14,-1.4,20,6,0.5,.490,.491,1.0,-0.2,11,$20000000,Amateur Free Agent,2D3,perezsa02
532,Blake Perkins#,26,MIL,67,168,-3,1,0,11,-2,7,0.7,6,13,1.2,.511,.504,0.1,0.9,2,,Free Agency,98H7/D,perkibl01
533,Jace Peterson*,33,2TM,133,430,-13,1,0,-8,3,-17,-1.7,15,-2,-0.3,.487,.495,0.5,-0.5,6,$4500000,Traded,5H/D34,peterja01
534,Tommy Pham,35,2TM,129,481,5,2,-1,0,-6,0,0.0,16,16,1.5,.500,.501,1.6,-0.7,16,$6000000,Traded,7DH9/8,phamth01
535,Brett Phillips*,29,LAA,39,71,-3,0,0,0,0,-3,-0.3,2,-1,-0.1,.492,.498,-0.1,0.0,-1,$1200000,Free Agency,8H/97D1,phillbr02
536,Kevin Pillar,34,ATL,81,206,-7,0,0,2,-2,-7,-0.8,7,0,-0.1,.491,.495,-0.3,0.0,-2,$3000000,Free Agency,7H9/8,pillake01
537,Manny Piña,36,OAK,4,12,0,0,0,0,0,0,0.0,0,0,0.0,.490,.500,0.0,0.0,0,$4500000,Traded,/2D,pinama01
538,René Pinto,26,TBR,38,105,0,0,0,-2,2,0,0.0,4,4,0.4,.501,.500,0.6,0.0,6,,Free Agency,2/1,pintore02
539,Nick Pivetta,30,BOS,1,0,0,0,0,0,0,0,0.0,0,0,0.0,.500,.500,0.0,0.0,0,$5350000,Traded,1,pivetni01
540,Jorge Polanco#,29,MIN,80,343,5,0,1,1,1,8,0.9,12,20,2.0,.510,.505,1.8,0.2,19,$7500000,Amateur Free Agent,45D/H,polanjo01
541,AJ Pollock,35,2TM,54,144,-9,-2,0,2,-3,-12,-1.2,5,-7,-0.8,.477,.494,-1.0,-0.1,-9,$7000000,Free Agency,D7H,polloaj01
542,Logan Porter,27,KCR,11,38,0,-1,0,-1,1,-1,-0.1,1,0,0.0,.488,.499,0.1,0.0,1,,Free Agency,2,portelo01
543,Nick Pratto*,24,KCR,95,345,-8,-1,1,-10,-5,-24,-2.4,12,-12,-1.3,.475,.485,-0.3,-1.5,-2,,Amateur Draft,37/H9,prattni01
544,Ryan Pressly,34,HOU,3,0,0,0,0,0,0,0,0.0,0,0,0.0,.500,.500,0.0,0.0,0,$14000000,Traded,1,pressry01
545,Jurickson Profar#,30,2TM,125,521,-14,0,-1,-9,-5,-29,-3.0,18,-12,-1.3,.476,.483,-0.4,-1.4,-3,$7750000,Free Agency,7DH/394,profaju01
546,Juniel Querecuto#,30,STL,9,21,-3,0,0,1,0,-2,-0.2,1,-1,-0.2,.476,.499,-0.3,0.1,-2,,Free Agency,/534H,quereju01
547,Ceddanne Rafaela,22,BOS,28,89,-3,0,0,-1,1,-3,-0.3,3,0,0.0,.488,.498,0.1,0.0,1,,Free Agency,8/H64D,rafaece01
548,Cole Ragans*,25,TEX,1,0,0,0,0,0,0,0,0.0,0,0,0.0,.500,.500,0.0,0.0,0,$724145,Amateur Draft,1,raganco01
549,Cal Raleigh#,26,SEA,145,569,9,-1,0,-3,8,13,1.4,19,32,3.2,.509,.508,3.5,0.5,35,$758300,Amateur Draft,*2HD,raleica01
550,Brooks Raley*,35,NYM,1,0,0,0,0,0,0,0,0.0,0,0,0.0,.500,.500,0.0,0.0,0,$4500000,Traded,1,raleybr01
551,Luke Raley*,28,TBR,118,406,13,3,2,1,-5,14,1.5,14,28,2.8,.512,.509,2.6,-0.4,27,$722300,Traded,93D7H8/1,raleylu01
552,Harold Ramírez,28,TBR,122,434,15,0,2,-2,-9,6,0.7,15,21,2.1,.505,.504,2.3,-1.1,23,$2200000,Traded,DH/793,ramirha02
553,José Ramírez#,30,CLE,156,691,22,4,2,1,1,29,3.0,23,52,5.1,.519,.518,5.0,0.2,51,$14000000,Amateur Free Agent,*5D,ramirjo01
554,Heliot Ramos,23,SFG,25,60,-4,0,0,0,-1,-5,-0.5,2,-3,-0.3,.479,.497,-0.3,-0.1,-3,,Amateur Draft,79/H8D,ramoshe02
555,Henry Ramos#,31,CIN,23,86,-2,-1,0,3,-1,-1,-0.1,3,2,0.2,.495,.499,-0.2,0.2,-1,,Free Agency,9/D7H,ramoshe01
556,J.T. Realmuto,32,PHI,135,540,6,-1,1,3,9,19,1.8,18,37,3.6,.514,.512,3.3,1.2,34,$23875000,Free Agency,*2/H,realmjt01
557,Rob Refsnyder,32,BOS,89,243,-1,0,-1,0,-3,-4,-0.4,8,4,0.4,.496,.498,0.4,-0.3,4,$1200000,Free Agency,7H8/D9,refsnro01
558,Zach Remillard,29,CHW,54,160,-6,0,0,0,1,-5,-0.5,5,1,0.1,.491,.497,0.1,0.1,1,,Amateur Draft,4/H5976D,remilza01
559,Anthony Rendon,33,LAA,43,183,-1,1,-1,-5,1,-5,-0.5,6,1,0.1,.488,.497,0.6,-0.4,6,$38571428,Free Agency,5,rendoan01
560,Hunter Renfroe,31,2TM,140,548,-6,-2,-1,-9,-5,-23,-2.4,19,-5,-0.6,.483,.490,0.3,-1.4,4,$11900000,Waivers,/D9H,renfrhu01
561,Luis Rengifo#,26,LAA,126,445,6,1,1,-8,4,4,0.4,15,19,1.9,.503,.502,2.7,-0.4,27,$2300000,Traded,465H9/78,rengilu01
562,Franmil Reyes,27,KCR,19,65,-5,0,0,0,-1,-7,-0.7,2,-4,-0.5,.464,.496,-0.5,-0.1,-4,$2000000,Free Agency,D/7H9,reyesfr01
563,Pablo Reyes,29,BOS,64,185,0,0,0,-4,2,-2,-0.2,6,4,0.4,.497,.499,0.8,-0.2,8,,Purchased,64H/53D1,reyespa01
564,Bryan Reynolds#,28,PIT,145,640,9,1,1,-1,-5,5,0.4,21,26,2.4,.503,.503,2.6,-0.6,27,$7000000,Traded,*7D8/H,reynobr01
565,Matt Reynolds,32,CIN,2,5,-1,0,0,-1,0,-2,-0.1,0,-1,-0.1,.428,.499,0.0,-0.1,0,,Waivers,/53,reynoma03
566,Austin Riley,26,ATL,159,715,23,2,-1,9,5,37,3.7,23,60,5.9,.523,.523,5.0,1.3,51,$15000000,Amateur Draft,*5,rileyau01
567,Edwin Ríos*,29,CHC,18,34,-3,0,0,0,-1,-4,-0.4,1,-3,-0.3,.477,.497,-0.3,-0.1,-3,$1000000,Free Agency,D/H5,riosed01
568,Alfonso Rivas III*,26,2TM,48,123,-1,0,0,2,-2,-1,-0.1,4,4,0.3,.499,.500,0.1,0.0,2,,Traded,3/H7,rivasal01
569,Emmanuel Rivera,27,ARI,86,283,-6,0,-1,1,0,-6,-0.6,10,4,0.3,.493,.496,0.2,0.1,2,,Traded,5H3/D,riverem01
570,Anthony Rizzo*,33,NYY,99,421,-3,-3,0,3,-5,-9,-0.9,14,5,0.5,.490,.494,0.1,-0.2,2,$17000000,Free Agency,3/D,rizzoan01
571,Luis Robert Jr.,25,CHW,145,595,18,1,1,6,4,30,3.1,20,50,5.0,.521,.519,4.4,1.1,44,$9500000,Amateur Free Agent,*8/H,roberlu01
572,Víctor Robles,26,WSN,36,126,3,1,0,-10,1,-5,-0.5,4,0,-0.1,.487,.497,0.9,-0.9,10,$2325000,Amateur Free Agent,8,roblevi01
573,Brayan Rocchio#,22,CLE,23,86,-3,0,-1,0,1,-2,-0.2,3,1,0.1,.490,.499,0.1,0.1,1,,Free Agency,6/5H,rocchbr01
574,Brendan Rodgers,26,COL,46,192,-5,1,0,-1,1,-5,-0.5,7,2,0.1,.489,.497,0.2,0.0,3,$2700000,Amateur Draft,4/DH,rodgebr02
575,Endy Rodríguez#,23,PIT,57,204,-8,0,0,2,3,-4,-0.4,7,3,0.2,.493,.497,0.1,0.5,1,,Traded,2H/3D,rodrien01
576,José Rodriguez,22,CHW,1,0,0,0,0,0,0,0,0.0,0,0,0.0,.506,.500,0.0,0.0,0,,Free Agency,/4H,rodrijo09
577,Julio Rodríguez,22,SEA,155,714,25,4,3,-5,5,31,3.2,22,54,5.3,.520,.519,5.8,0.0,59,$6185715,Free Agency,*8/D,rodriju01
578,Jake Rogers,28,DET,107,365,-3,-2,-1,-5,6,-5,-0.5,12,8,0.7,.496,.497,1.2,0.2,13,$726000,Traded,2/HD7,rogerja03
579,Taylor Rogers*,32,SFG,1,0,0,0,0,0,0,0,0.0,0,0,0.0,.500,.500,0.0,0.0,0,$9000000,Free Agency,1,rogerta01
580,Tyler Rogers,32,SFG,1,0,0,0,0,0,0,0,0.0,0,0,0.0,.500,.500,0.0,0.0,0,$1675000,Amateur Draft,1,rogerty01
581,Johan Rojas,22,PHI,59,164,1,1,1,15,1,19,2.0,6,25,2.5,.533,.512,1.0,1.7,10,,Free Agency,8H/D,rojasjo03
582,Josh Rojas*,29,2TM,105,350,-9,3,0,-2,2,-6,-0.6,12,6,0.5,.494,.498,0.8,0.0,8,$2575000,Traded,5/H4D71,rojasjo01
583,Miguel Rojas,34,LAD,124,423,-16,-2,-1,12,6,-1,-0.1,14,14,1.3,.500,.500,0.1,1.8,2,$4250000,Traded,*6H/1D45,rojasmi02
584,Jordan Romano,30,TOR,1,0,0,0,0,0,0,0,0.0,0,0,0.0,.500,.500,0.0,0.0,0,$4537500,Rule 5 returned,1,romanjo03
585,JoJo Romero*,26,STL,1,0,0,0,0,0,0,0,0.0,0,0,0.0,.500,.500,0.0,0.0,0,,Traded,1,romerjo01
586,Brent Rooker,28,OAK,137,526,19,-1,-1,-4,-9,4,0.5,18,22,2.2,.503,.503,2.6,-1.3,26,$725000,Waivers,D97H,rookebr01
587,Ben Rortvedt*,25,NYY,32,79,-7,0,0,1,2,-5,-0.5,3,-2,-0.2,.485,.497,-0.3,0.3,-3,,Traded,2/HD,rortvbe01
588,Amed Rosario,27,2TM,142,545,-9,2,1,-13,7,-13,-1.3,18,5,0.4,.491,.494,1.8,-0.6,18,$7800000,Traded,6/HD,rosaram01
589,Eddie Rosario*,31,ATL,142,516,-1,-2,0,3,-5,-6,-0.6,18,12,1.1,.496,.496,0.8,-0.3,9,$9000000,Free Agency,*7DH,rosared01
590,Eguy Rosario,23,SDP,11,37,1,0,0,2,0,3,0.3,1,4,0.4,.528,.502,0.2,0.2,2,,Free Agency,5/H4,rosareg01
591,Michael Rucker,29,CHC,2,0,0,0,0,0,0,0,0.0,0,0,0.0,.500,.500,0.0,0.0,0,$737000,Rule 5 returned,1,ruckemi01
592,Darin Ruf,36,2TM,20,57,-2,-1,0,0,-1,-4,-0.4,2,-2,-0.2,.481,.499,-0.2,-0.2,-2,$3000000,Free Agency,D/H3,rufda01
593,Esteury Ruiz,24,OAK,132,497,-7,6,1,-20,2,-18,-1.8,17,-1,-0.1,.486,.489,1.9,-1.8,19,$720000,Traded,*87H9/D,ruizes01
594,José Ruiz,28,ARI,1,0,0,0,0,0,0,0,0.0,0,0,0.0,.500,.500,0.0,0.0,0,,Purchased,1,ruizjo01
595,Keibert Ruiz#,24,WSN,136,562,-2,-3,-1,-6,7,-5,-0.5,19,14,1.3,.496,.497,1.9,0.1,20,$1375000,Traded,*2D/H,ruizke01
596,Blake Rutherford*,26,WSN,16,36,-4,0,0,1,0,-3,-0.4,1,-2,-0.2,.478,.498,-0.3,0.1,-3,,Free Agency,7/H,ruthebl01
597,Adley Rutschman#,25,BAL,154,687,22,-1,-1,-3,4,21,2.2,22,44,4.3,.514,.513,4.6,0.2,47,$733900,Amateur Draft,*2D/H,rutscad01
598,Blake Sabol*,25,SFG,110,344,-3,0,0,-8,1,-9,-0.9,12,3,0.2,.492,.495,1.0,-0.7,11,,Traded,27HD,sabolbl01
599,César Salazar*,27,HOU,13,19,-3,0,0,0,0,-3,-0.3,1,-2,-0.2,.480,.498,-0.2,0.0,-2,,Amateur Draft,/2H,salazce01
600,Gary Sánchez,30,2TM,75,267,5,-1,0,8,4,15,1.5,9,24,2.4,.520,.510,1.6,1.2,16,$1500000,Free Agency,2/DH,sanchga02
601,Jesús Sánchez*,25,MIA,125,402,5,-2,-1,5,-4,4,0.4,14,18,1.7,.503,.503,1.2,0.1,13,$738000,Traded,*9H/87D,sanchje02
602,Cole Sands,25,MIN,1,0,0,0,0,0,0,0,0.0,0,0,0.0,.500,.500,0.0,0.0,0,$723650,Amateur Draft,1,sandsco01
603,Carlos Santana#,37,2TM,146,619,3,0,1,11,-8,7,0.7,21,28,2.7,.505,.502,1.6,0.3,17,$6750000,Traded,*3D/H,santaca01
604,Anthony Santander#,28,BAL,153,656,15,0,-1,2,-8,9,0.9,22,31,3.0,.506,.505,2.8,-0.6,29,$7400000,Rule 5 Draft,9D3/H7,santaan02
605,Tony Santillan,26,CIN,1,0,0,0,0,0,0,0,0.0,0,0,0.0,.500,.500,0.0,0.0,0,,Free Agency,/1,santito01
606,Tayler Saucedo*,30,SEA,2,0,0,0,0,0,0,0,0.0,0,0,0.0,.500,.500,0.0,0.0,0,,Waivers,1,sauceta01
607,Josh Sborz,29,TEX,1,1,0,0,0,0,0,0,0.0,0,0,0.0,.501,.500,0.0,0.0,0,$733450,Traded,1,sborzjo01
608,Nolan Schanuel*,21,LAA,29,132,1,-2,0,-2,-1,-3,-0.3,4,1,0.1,.488,.498,0.3,-0.4,3,,Amateur Draft,3/DH,schanno01
609,Casey Schmitt,24,SFG,90,277,-15,-1,0,-1,4,-13,-1.4,9,-4,-0.5,.485,.492,-0.4,0.3,-3,,Amateur Draft,654H,schmica01
610,Davis Schneider,24,TOR,35,141,13,1,0,0,0,14,1.4,5,19,1.8,.539,.508,1.8,0.0,19,,Amateur Draft,4/D57H,schneda03
611,Jonathan Schoop,31,DET,55,151,-10,0,0,0,1,-9,-0.9,5,-4,-0.4,.484,.494,-0.4,0.2,-4,$7500000,Free Agency,45H/D16,schoojo01
612,John Schreiber,29,BOS,2,0,0,0,0,0,0,0,0.0,0,0,0.0,.500,.500,0.0,0.0,0,$750000,Waivers,1,schrejo01
613,Kyle Schwarber*,30,PHI,160,720,17,-3,0,-21,-8,-15,-1.5,23,8,0.6,.491,.491,2.8,-2.9,29,$20000000,Free Agency,7D,schwaky01
614,Tayler Scott,31,2TM,2,0,0,0,0,0,0,0,0.0,0,0,0.0,.500,.500,0.0,0.0,0,,Purchased,1,scottta02
615,Corey Seager*,29,TEX,119,536,42,-2,1,5,6,53,5.3,17,70,6.9,.544,.532,6.4,1.2,65,$35500000,Free Agency,*6/D,seageco01
616,Chandler Seagle,27,SDP,1,1,0,0,0,0,0,0,0.0,0,0,0.0,.462,.500,0.0,0.0,0,,Amateur Draft,/DH,seaglch01
617,Jean Segura,33,MIA,85,326,-21,-1,0,-9,2,-29,-3.0,11,-18,-1.9,.465,.482,-1.0,-0.7,-9,$6500000,Free Agency,5/H,segurje01
618,Marcus Semien,32,TEX,162,753,24,4,1,16,6,50,5.2,23,74,7.4,.531,.531,5.7,2.3,58,$26000000,Free Agency,*4,semiema01
619,Nick Senzel,28,CIN,104,330,-1,2,0,-11,0,-11,-1.1,11,1,0.0,.490,.493,1.1,-1.1,12,$1950000,Amateur Draft,57H89/4D,senzeni01
620,Brian Serven,28,COL,11,23,-4,0,0,-1,0,-5,-0.5,1,-4,-0.4,.455,.497,-0.3,-0.1,-3,$722000,Amateur Draft,2/HD,servebr01
621,Paul Sewald,33,2TM,2,0,0,0,0,0,0,0,0.0,0,0,0.0,.500,.500,0.0,0.0,0,$4100000,Traded,1,sewalpa01
622,Gavin Sheets*,27,CHW,118,344,-16,-1,1,-5,-5,-26,-2.7,12,-14,-1.5,.477,.483,-1.0,-1.0,-9,$735000,Amateur Draft,9H3D/7,sheetga01
623,Braden Shewmake*,25,ATL,2,4,-1,0,0,0,0,-1,-0.1,0,-1,-0.1,.444,.499,-0.1,0.0,-1,,Amateur Draft,/6,shewmbr01
624,Zack Short,28,DET,110,253,-9,0,0,2,4,-3,-0.3,9,6,0.5,.498,.498,0.3,0.6,4,,Traded,465H/189D,shortza01
625,Michael Siani*,23,2TM,8,6,-1,-1,0,-1,0,-3,-0.3,0,-3,-0.3,.464,.499,-0.2,-0.1,-2,,Amateur Draft,/8HD7,sianimi01
626,Lucas Sims,29,CIN,3,0,0,0,0,0,0,0,0.0,0,0,0.0,.500,.500,0.0,0.0,0,$1267500,Traded,1,simslu01
627,Jon Singleton*,31,2TM,36,105,-6,0,0,0,-2,-8,-0.8,4,-5,-0.5,.476,.498,-0.5,-0.2,-5,,Free Agency,3H/D,singljo02
628,Jose Siri,27,TBR,101,364,1,1,0,0,3,5,0.5,12,17,1.7,.505,.503,1.7,0.3,17,$731600,Traded,8/HD,sirijo01
629,Austin Slater,30,SFG,89,207,4,-1,0,-1,-1,1,0.1,7,8,0.7,.501,.500,0.8,-0.2,9,$3200000,Amateur Draft,H87/9D,slateau01
630,Dominic Smith*,28,WSN,153,586,-5,-3,0,5,-7,-9,-1.0,20,11,0.9,.494,.494,0.4,-0.2,6,$2000000,Free Agency,*3/HD,smithdo02
631,Drew Smith,29,NYM,0,0,0,0,0,0,0,0,,0,0,,,,,,0,$1300000,Traded,1,smithdr01
632,Josh H. Smith*,25,TEX,90,232,-6,-1,0,7,1,1,0.1,8,9,0.9,.501,.500,0.1,0.8,2,$727095,Traded,657H/D4,smithjo11
633,Kevin Smith,26,OAK,49,146,-9,1,0,-1,2,-7,-0.7,5,-2,-0.3,.485,.495,-0.2,0.1,-1,,Traded,65/HD,smithke05
634,Pavin Smith*,27,ARI,69,228,-5,0,0,-6,-4,-15,-1.5,8,-7,-0.8,.478,.491,-0.2,-1.0,-1,,Amateur Draft,D9H3,smithpa04
635,Will Smith,33,TEX,1,0,0,0,0,0,0,0,0.0,0,0,0.0,.500,.500,0.0,0.0,0,$1500000,Free Agency,1,smithwi04
636,Will Smith,28,LAD,126,554,9,0,1,7,7,24,2.4,18,42,4.1,.519,.515,3.4,1.4,35,$5250000,Amateur Draft,*2D/H,smithwi05
637,Canaan Smith-Njigba*,24,PIT,15,37,-3,-1,0,1,0,-3,-0.3,1,-2,-0.2,.480,.498,-0.3,0.1,-3,$725000,Traded,9/H7,smithca05
638,Drew Smyly*,34,CHC,1,0,0,0,0,0,0,0,0.0,0,0,0.0,.500,.500,0.0,0.0,0,$8000000,Free Agency,1,smylydr01
639,Tyler Soderstrom*,21,OAK,45,138,-11,0,-1,-2,-1,-15,-1.5,5,-10,-1.1,.466,.490,-0.9,-0.3,-8,,Amateur Draft,D23/H,soderty01
640,Nick Solak,28,2TM,2,0,0,0,0,0,0,0,0.0,0,0,0.0,.494,.500,0.0,0.0,0,,Waivers,/H,solakni01
641,Donovan Solano,35,MIN,134,450,8,-1,-1,1,-4,2,0.2,15,17,1.7,.501,.501,1.5,-0.3,16,$2000000,Free Agency,3H45D,solando01
642,Jorge Soler,31,MIA,137,580,18,-2,-2,-5,-10,-1,-0.1,20,19,1.8,.499,.499,2.3,-1.5,24,$15000000,Free Agency,D9/H,solerjo01
643,Edmundo Sosa,27,PHI,104,300,-3,0,-1,-2,3,-3,-0.3,10,8,0.7,.497,.498,0.9,0.1,9,$950000,Traded,56H/48,sosaed01
644,Lenyn Sosa,23,CHW,52,173,-11,-1,0,-3,2,-13,-1.4,6,-7,-0.8,.474,.492,-0.5,-0.1,-4,,Free Agency,45/H,sosale01
645,Juan Soto*,24,SDP,162,708,49,-3,0,-6,-5,33,3.3,23,57,5.5,.520,.520,6.1,-1.2,63,$23000000,Traded,*7/DH,sotoju01
646,Livan Soto*,23,LAA,4,12,0,0,0,0,0,0,0.0,0,1,0.1,.503,.500,0.1,0.0,1,,Free Agency,/46,sotoli01
647,Carson Spiers,25,CIN,1,0,0,0,0,0,0,0,0.0,0,0,0.0,.500,.500,0.0,0.0,0,,Free Agency,/1,spierca01
648,George Springer,33,TOR,154,683,4,2,-2,2,-6,-1,0.0,22,21,2.1,.500,.500,1.9,-0.4,19,$24166667,Free Agency,*9D/H8,springe01
649,Jacob Stallings,33,MIA,88,276,-16,-3,0,0,5,-14,-1.4,9,-4,-0.6,.484,.491,-0.6,0.5,-4,$3350000,Traded,2/1DH,stallja01
650,Ryne Stanek,31,HOU,2,0,0,0,0,0,0,0,0.0,0,0,0.0,.500,.500,0.0,0.0,0,$3600000,Free Agency,1,stanery01
651,Giancarlo Stanton,33,NYY,101,415,-8,-2,-1,-3,-7,-21,-2.1,14,-7,-0.8,.479,.487,-0.5,-1.0,-4,$32000000,Traded,D9/H7,stantmi03
652,Spencer Steer,25,CIN,156,665,16,0,1,-5,-4,8,0.8,23,31,2.9,.505,.505,3.5,-1.0,36,$720000,Traded,3574/DH9,steersp01
653,Michael Stefanic,27,LAA,25,71,0,-1,0,-1,0,-1,-0.1,2,2,0.2,.497,.499,0.3,-0.1,3,,Free Agency,4/5HD,stefami01
654,Tyler Stephenson,26,CIN,142,517,-5,-2,-3,-3,2,-10,-1.0,18,8,0.7,.493,.494,1.0,-0.1,11,$740000,Amateur Draft,2DH/3,stephty01
655,Andrew Stevenson*,29,MIN,25,40,-4,0,1,2,0,-1,-0.1,1,1,0.1,.497,.500,-0.2,0.2,-1,,Free Agency,8H/7,stevean01
656,Cal Stevenson*,26,SFG,6,12,-1,0,0,0,0,-1,-0.1,0,0,0.0,.486,.499,0.0,0.0,0,,Purchased,/8,steveca01
657,DJ Stewart*,29,NYM,58,185,6,-2,0,-4,-2,-3,-0.3,6,4,0.3,.496,.498,0.8,-0.6,8,,Free Agency,9/HD7,stewadj01
658,Trevor Story,30,BOS,43,168,-8,1,0,8,2,2,0.2,6,8,0.8,.505,.501,0.0,1.0,0,$20000000,Free Agency,6/DH4,storytr01
659,Bryson Stott*,25,PHI,151,640,4,5,2,6,5,22,2.2,22,44,4.3,.515,.514,3.7,1.1,38,$734500,Amateur Draft,*4/HD,stottbr01
660,Kyle Stowers*,25,BAL,14,33,-5,0,0,2,0,-4,-0.4,1,-3,-0.3,.471,.497,-0.5,0.2,-5,$722200,Amateur Draft,/97HD,stoweky01
661,Myles Straw,28,CLE,147,518,-18,1,1,6,4,-6,-0.6,18,12,1.1,.496,.496,0.5,1.1,6,$2900000,Traded,*8/H,strawmy01
662,Garrett Stubbs*,30,PHI,41,125,-7,1,1,1,2,-3,-0.3,4,2,0.2,.494,.498,0.1,0.3,1,$741000,Traded,2/H7,stubbga01
663,Eugenio Suárez,31,SEA,162,694,2,-3,-1,-2,4,0,0.1,23,24,2.3,.500,.500,2.5,0.3,25,$11285715,Traded,*5/D,suareeu01
664,Robert Suarez,32,SDP,0,0,0,0,0,0,0,0,,0,0,,,,,,0,$10000000,Free Agency,1,suarero01
665,Brett Sullivan*,29,SDP,33,86,-6,0,0,2,2,-2,-0.2,3,1,0.1,.494,.499,-0.1,0.4,-1,,Traded,2/H5,sullibr01
666,Brent Suter*,33,COL,1,0,0,0,0,0,0,0,0.0,0,0,0.0,.500,.500,0.0,0.0,0,$3000000,Waivers,1,suterbr01
667,Jack Suwinski*,24,PIT,144,534,10,2,1,-9,1,5,0.5,18,23,2.2,.504,.503,3.2,-0.8,32,$725000,Traded,*897H/D,suwinja01
668,Seiya Suzuki,28,CHC,138,583,15,-3,0,2,-5,10,1.0,20,30,2.8,.507,.506,2.7,-0.3,28,$18000000,Free Agency,*9/DH,suzukse01
669,Dansby Swanson,29,CHC,147,638,-2,2,1,18,9,28,2.8,21,49,4.8,.519,.517,3.0,2.7,31,$14000000,Free Agency,*6,swansda01
670,Domingo Tapia,31,SDP,1,0,0,0,0,0,0,0,0.0,0,0,0.0,.500,.500,0.0,0.0,0,$735000,Free Agency,1,tapiado01
671,Raimel Tapia*,29,3TM,64,169,-4,3,1,-6,-1,-8,-0.8,6,-2,-0.2,.488,.499,0.4,-0.7,4,$2000000,,H79/8D,tapiara01
672,Fernando Tatis Jr.,24,SDP,141,635,13,1,-2,27,-4,35,3.6,20,56,5.5,.525,.522,2.7,2.3,29,$7714285,Traded,*9/8D4H,tatisfe02
673,Mike Tauchman*,32,CHC,108,401,3,3,1,4,1,11,1.1,14,25,2.4,.511,.507,2.1,0.5,21,,Free Agency,8HD9/7,tauchmi01
674,Leody Taveras#,24,TEX,143,554,-3,1,1,3,4,7,0.8,19,26,2.6,.505,.504,2.2,0.7,23,$733445,Amateur Free Agent,*8/HD,taverle01
675,Chris Taylor,32,LAD,117,384,0,1,1,0,0,2,0.2,13,15,1.4,.502,.501,1.5,0.0,15,$15000000,Free Agency,765H/D84,tayloch03
676,Michael A. Taylor,32,MIN,129,388,-4,1,0,5,3,6,0.6,13,19,1.9,.505,.504,1.4,0.9,14,$4500000,Traded,*8H/D,taylomi02
677,Samad Taylor,24,KCR,31,69,-4,2,0,-2,0,-4,-0.4,2,-2,-0.2,.487,.498,0.0,-0.2,1,,Traded,74H/58,taylosa04
678,Tyrone Taylor,29,MIL,81,243,-4,1,-2,4,-3,-3,-0.3,8,5,0.5,.496,.498,0.1,0.1,1,$735400,Amateur Draft,97H/8D,tayloty01
679,Rowdy Tellez*,28,MIL,105,351,-9,-2,-1,0,-6,-17,-1.8,12,-5,-0.6,.483,.489,-0.6,-0.6,-5,$4950000,Traded,3DH/1,tellero01
680,José Tena*,22,CLE,18,34,-1,0,0,-3,1,-3,-0.4,1,-2,-0.2,.481,.498,0.1,-0.2,1,,Free Agency,6/H45D,tenajo01
681,Matt Thaiss*,28,LAA,95,307,-6,0,0,-5,5,-6,-0.6,10,4,0.4,.493,.496,0.9,0.0,9,$740000,Amateur Draft,2H/D3,thaisma01
682,Alek Thomas*,23,ARI,125,402,-12,1,1,5,3,-2,-0.2,14,12,1.1,.498,.499,0.6,0.8,7,$735200,Amateur Draft,*8H/D,thomaal01
683,Cody Thomas*,28,OAK,19,46,0,0,0,-1,-1,-2,-0.3,2,-1,-0.1,.487,.498,0.0,-0.2,0,,Traded,9/HD7,thomaco01
684,Lane Thomas,27,WSN,156,682,12,3,1,1,-5,12,1.2,23,35,3.3,.508,.508,3.2,-0.4,34,$2200000,Traded,*98/HD1,thomala02
685,Bubba Thompson,25,TEX,37,60,-5,0,0,1,-1,-5,-0.5,2,-3,-0.4,.486,.497,-0.5,0.0,-4,$724305,Amateur Draft,7H/9D8,thompbu01
686,Trayce Thompson,32,2TM,72,179,-8,-1,0,-3,-1,-13,-1.3,6,-7,-0.7,.482,.496,-0.4,-0.4,-3,$1450000,Traded,89/H7,thomptr01
687,Michael Toglia#,24,COL,45,152,-14,-1,0,-2,-2,-19,-2.0,5,-14,-1.5,.456,.488,-1.3,-0.4,-12,,Amateur Draft,39/HD7,toglimi01
688,Justin Topa,32,SEA,1,0,0,0,0,0,0,0,0.0,0,0,0.0,.500,.500,0.0,0.0,0,,Traded,1,topaju01
689,Spencer Torkelson,23,DET,159,684,5,1,-2,-11,-8,-15,-1.4,23,8,0.8,.491,.491,1.9,-1.9,19,$723100,Amateur Draft,*3/D,torkesp01
690,Abraham Toro#,26,MIL,9,21,4,0,1,-2,0,2,0.2,1,3,0.3,.524,.501,0.5,-0.2,5,$1250000,Traded,/5H3D,toroab01
691,Luis Torrens,27,2TM,18,30,-1,-1,0,0,0,-2,-0.2,1,-1,-0.1,.488,.499,-0.1,-0.1,-1,$1200000,Free Agency,/DH27,torrelu01
692,Gleyber Torres,26,NYY,158,672,13,-4,-2,-4,4,7,0.7,23,30,2.9,.504,.504,3.3,0.0,33,$9950000,Traded,*4D/H,torregl01
693,Ezequiel Tovar,21,COL,153,615,-19,1,0,13,9,5,0.5,21,26,2.5,.503,.503,1.2,2.2,13,$722000,Free Agency,*6,tovarez01
694,Taylor Trammell*,25,SEA,22,56,-2,0,0,-2,-1,-5,-0.5,2,-3,-0.4,.476,.497,-0.1,-0.3,-1,$726700,Traded,7/DH8,trammta01
695,Alan Trejo,27,COL,82,227,-12,1,0,3,2,-7,-0.7,8,1,0.0,.492,.496,-0.2,0.5,-2,$722000,Amateur Draft,45H/61D,trejoal01
696,Jose Trevino,30,NYY,55,168,-7,1,-1,3,3,-1,-0.1,6,5,0.5,.499,.500,0.2,0.7,2,$2360000,Traded,2/H,trevijo01
697,Jared Triolo,25,PIT,54,209,7,1,0,5,1,14,1.4,7,21,2.1,.526,.509,1.6,0.6,16,,Amateur Draft,54/3HD,triolja01
698,Chadwick Tromp,28,ATL,6,16,-3,0,0,0,0,-2,-0.2,1,-2,-0.2,.461,.499,-0.2,0.0,-2,,Waivers,/2,trompch01
699,Mike Trout,31,LAA,82,362,12,0,1,1,2,17,1.7,12,29,2.9,.521,.511,2.8,0.4,28,$37116667,Amateur Draft,8/DH,troutmi01
700,Cole Tucker#,26,COL,5,10,1,0,0,-1,0,0,0.0,0,0,0.0,.494,.500,0.1,-0.1,1,,Free Agency,/H8D9,tuckeco01
701,Kyle Tucker*,26,HOU,157,674,31,4,1,1,-5,32,3.2,23,54,5.4,.520,.520,5.3,-0.4,53,$5000000,Amateur Draft,*9/DH,tuckeky01
702,Brice Turang*,23,MIL,137,448,-20,5,1,12,5,1,0.1,15,17,1.6,.501,.501,0.4,1.7,5,,Amateur Draft,*46H/D,turanbr02
703,Justin Turner,38,BOS,146,626,12,-1,0,0,-10,0,0.1,21,21,2.1,.500,.500,2.1,-1.0,21,$8300000,Free Agency,D34/5H,turneju01
704,Trea Turner,30,PHI,155,691,10,5,1,-12,9,13,1.3,22,36,3.4,.508,.508,4.6,-0.3,48,$27272727,Free Agency,*6/D,turnetr01
705,Luis Urías,26,2TM,52,177,-5,-2,-1,-2,2,-8,-0.8,6,-2,-0.2,.485,.498,0.0,0.0,0,$4700000,Traded,4/5H,uriaslu01
706,Ramón Urías,29,BAL,116,396,0,0,-1,4,2,4,0.5,14,18,1.8,.504,.503,1.3,0.6,14,$734700,Waivers,543H/D,uriasra01
707,Gio Urshela,31,LAA,62,228,-3,0,-2,4,0,0,0.0,8,8,0.8,.500,.500,0.4,0.5,4,$8400000,Traded,53/6H4,urshegi01
708,Enmanuel Valdez*,24,BOS,49,149,0,0,-1,-6,1,-5,-0.5,5,0,0.0,.490,.497,0.6,-0.5,6,,Traded,4/HD6,valdeen01
709,Ildemaro Vargas#,31,WSN,86,286,-5,0,0,2,2,-2,-0.2,10,8,0.7,.498,.499,0.6,0.4,6,$975000,Free Agency,54H67/19,vargail01
710,Miguel Vargas,23,LAD,81,304,-7,-2,1,-4,2,-10,-1.0,10,0,-0.1,.487,.494,0.4,-0.2,4,$722500,Free Agency,4H/3D,vargami01
711,Daulton Varsho*,26,TOR,158,581,-9,0,2,29,-3,19,2.0,20,38,3.9,.512,.512,0.8,2.8,9,$3050000,Traded,*78/HD,varshda01
712,Andrew Vaughn,25,CHW,152,615,1,-2,-2,0,-8,-11,-1.1,21,10,0.9,.492,.493,0.9,-0.8,10,$760000,Amateur Draft,*3/DH,vaughan01
713,Terrin Vavra*,26,BAL,27,56,-2,0,0,-4,-1,-7,-0.7,2,-5,-0.5,.474,.496,-0.1,-0.5,-1,$722100,Traded,9/7HD54,vavrate01
714,Christian Vázquez,32,MIN,102,355,-17,-1,-1,-2,6,-15,-1.5,12,-3,-0.3,.485,.491,-0.1,0.4,-1,$10000000,Free Agency,2/3H4D,vazquch01
715,Andrew Velazquez#,28,LAA,54,94,-6,1,0,-5,2,-8,-0.8,3,-5,-0.5,.484,.495,0.0,-0.3,0,,Waivers,6H4/8,velazan01
716,Nelson Velázquez,24,2TM,53,179,9,0,0,-1,-3,6,0.6,6,12,1.2,.511,.503,1.3,-0.4,13,,Amateur Draft,/DH987,velazne01
717,Alex Verdugo*,27,BOS,142,602,-1,0,2,9,-4,6,0.7,20,26,2.6,.504,.504,1.7,0.5,17,$6300000,Traded,*9/H,verdual01
718,Alex Vesia*,27,LAD,2,0,0,0,0,0,0,0,0.0,0,0,0.0,.500,.500,0.0,0.0,0,$750000,Traded,1,vesiaal01
719,Will Vest,28,DET,1,0,0,0,0,0,0,0,0.0,0,0,0.0,.500,.500,0.0,0.0,0,,Rule 5 returned,1,vestwi01
720,Mark Vientos,23,NYM,65,233,-10,-1,0,-3,-3,-18,-1.8,8,-10,-1.1,.472,.489,-0.7,-0.7,-7,,Amateur Draft,D53/H,vientma01
721,Matt Vierling,26,DET,134,530,-1,-1,1,0,-2,-3,-0.3,18,15,1.5,.498,.498,1.4,-0.2,15,$727100,Traded,*9758H/4,vierlma01
722,David Villar,26,SFG,46,140,-8,-1,0,0,0,-8,-0.8,5,-3,-0.4,.482,.495,-0.4,0.0,-3,$723750,Amateur Draft,45/3HD1,villada01
723,Meibrys Viloria*,26,CLE,10,4,0,0,0,-1,0,-2,-0.2,0,-1,-0.2,.484,.499,-0.1,-0.1,0,$750000,Free Agency,2,vilorme01
724,Daniel Vogelbach*,30,NYM,104,319,1,-2,0,0,-8,-8,-0.8,11,3,0.2,.492,.495,0.2,-0.8,3,$1500000,Traded,DH,vogelda01
725,Luke Voit,32,MIL,22,74,-4,0,-1,1,-1,-5,-0.5,3,-2,-0.2,.478,.497,-0.3,-0.1,-3,$2000000,Free Agency,3D/H,voitlu01
726,Anthony Volpe,22,NYY,159,601,-14,1,1,15,9,12,1.3,21,33,3.3,.508,.508,1.7,2.5,18,$720000,Amateur Draft,*6/H,volpean01
727,Jason Vosler*,29,CIN,20,65,-5,0,0,0,-1,-5,-0.6,2,-3,-0.4,.473,.497,-0.4,-0.1,-3,$1000000,Free Agency,3/51H,vosleja01
728,Joey Votto*,39,CIN,65,242,0,0,1,-5,-4,-8,-0.9,8,0,-0.1,.487,.495,0.5,-0.9,5,$25000000,Amateur Draft,3D/H,vottojo01
729,LaMonte Wade Jr.*,29,SFG,135,519,15,0,1,0,-7,10,1.0,18,28,2.7,.507,.506,2.7,-0.7,28,$1375000,Traded,*3H7/9D8,wadela01
730,Tyler Wade*,28,OAK,26,55,-2,0,0,-4,1,-4,-0.5,2,-3,-0.3,.483,.497,0.1,-0.3,1,,Free Agency,6/H759D,wadety01
731,Adam Wainwright,41,STL,2,2,-1,0,0,0,0,0,0.0,0,0,0.0,.493,.500,0.0,0.0,0,$17500000,Free Agency,1/HD,wainwad01
732,Christian Walker,32,ARI,157,661,16,2,-2,9,-8,17,1.7,23,40,3.8,.511,.511,2.9,0.1,31,$6500000,Waivers,*3/DH,walkech02
733,Jordan Walker,21,STL,117,465,8,-3,0,-16,-4,-16,-1.6,16,0,-0.1,.487,.490,1.6,-2.1,16,,Amateur Draft,*97/DH,walkejo02
734,Forrest Wall*,27,ATL,15,15,3,0,0,0,-1,3,0.3,1,3,0.3,.518,.502,0.3,-0.1,3,,Free Agency,/H7D89,wallfo01
735,Chad Wallach,31,LAA,65,172,-6,0,-1,-1,3,-5,-0.5,6,1,0.1,.493,.497,0.2,0.2,2,,Free Agency,2/HD3,wallach01
736,Matt Wallner*,25,MIN,76,254,14,1,1,1,-3,13,1.3,9,22,2.2,.517,.508,2.1,-0.2,21,,Amateur Draft,79/DH,wallnma01
737,Taylor Walls#,26,TBR,99,349,-8,2,1,10,4,8,0.9,12,20,2.0,.509,.505,1.0,1.5,10,$727600,Amateur Draft,546/H,wallsta01
738,Jared Walsh*,29,LAA,39,116,-10,-1,0,0,-2,-13,-1.3,4,-9,-0.9,.467,.492,-0.9,-0.2,-9,$2650000,Amateur Draft,3/9HD,walshja01
739,Taylor Ward,29,LAA,97,409,4,1,0,1,-3,3,0.3,14,17,1.7,.503,.502,1.6,-0.2,16,$2750000,Amateur Draft,7/H3,wardta01
740,Drew Waters#,24,KCR,98,337,-6,1,1,1,-1,-4,-0.4,12,7,0.7,.496,.497,0.6,0.0,6,,Traded,89/D7H,waterdr01
741,Austin Wells*,23,NYY,19,75,-1,0,0,-2,1,-2,-0.2,3,1,0.1,.490,.499,0.3,-0.1,3,,Amateur Draft,2/H,wellsau01
742,Joey Wendle*,33,MIA,112,318,-22,0,-1,6,5,-12,-1.2,11,-1,-0.2,.489,.493,-0.8,1.1,-7,$6000000,Traded,6/H,wendljo01
743,Hayden Wesneski,25,CHC,2,0,0,0,0,0,0,0,0.0,0,0,0.0,.500,.500,0.0,0.0,0,$721500,Traded,1,wesneha01
744,Jordan Westburg,24,BAL,68,228,0,0,0,2,2,5,0.5,8,13,1.2,.507,.503,1.0,0.4,10,,Amateur Draft,45H/D,westbjo01
745,Eli White,29,ATL,6,17,-2,0,0,1,0,-1,-0.1,1,0,0.0,.484,.499,-0.1,0.1,-1,,Purchased,/8H,whiteel04
746,Garrett Whitlock,27,BOS,1,0,0,0,0,0,0,0,0.0,0,0,0.0,.500,.500,0.0,0.0,0,$1250000,Rule 5 Draft,1,whitlga01
747,Joey Wiemer,24,MIL,132,410,-11,-2,1,5,3,-4,-0.4,14,10,0.9,.497,.498,0.5,0.7,5,,Amateur Draft,*89/H7,wiemejo01
748,Alika Williams,24,PIT,46,112,-8,-1,0,2,2,-6,-0.6,4,-2,-0.2,.487,.496,-0.4,0.4,-4,,Traded,6/H,willial04
749,Luke Williams,26,2TM,11,19,-5,0,0,1,0,-4,-0.4,1,-3,-0.3,.467,.499,-0.4,0.1,-4,,Waivers,/H653D71,willilu01
750,Weston Wilson,28,PHI,8,22,2,0,0,-1,0,1,0.1,1,2,0.2,.517,.501,0.3,-0.1,3,,Free Agency,/7H3459,wilsowe01
751,Jesse Winker*,29,MIL,61,197,-8,-1,0,0,-5,-13,-1.3,7,-6,-0.7,.478,.492,-0.7,-0.5,-6,$8250000,Traded,DH/97,winkeje01
752,Masyn Winn,21,STL,37,137,-12,0,1,-1,2,-10,-1.0,5,-5,-0.6,.473,.494,-0.4,0.1,-4,,Amateur Draft,6,winnma01
753,Patrick Wisdom,31,CHC,97,302,1,-1,1,-7,-1,-7,-0.7,10,3,0.3,.493,.496,1.0,-0.8,10,$763000,Free Agency,5H3D/794,wisdopa01
754,Brett Wisely*,24,SFG,51,131,-11,-1,0,4,1,-6,-0.6,4,-1,-0.2,.488,.496,-0.6,0.6,-5,,Traded,48/H716,wiselbr01
755,Bobby Witt Jr.,23,KCR,158,694,13,3,2,-6,8,21,2.2,23,44,4.4,.513,.513,4.9,0.3,50,$745750,Amateur Draft,*6D/H,wittbo02
756,Nick Wittgren,32,KCR,1,0,0,0,0,0,0,0,0.0,0,0,0.0,.500,.500,0.0,0.0,0,,Free Agency,1,wittgni01
757,Connor Wong,27,BOS,126,403,-10,-1,1,11,8,8,0.9,14,22,2.2,.507,.505,1.0,1.9,11,$722000,Traded,*2H/4D,wongco01
758,Kolten Wong*,32,2TM,87,250,-17,0,1,-3,2,-17,-1.7,9,-8,-0.9,.480,.491,-0.6,-0.1,-5,$10000000,Free Agency,H4/D,wongko01
759,Austin Wynns,32,3TM,51,145,-11,0,0,2,3,-6,-0.6,5,-1,-0.2,.487,.497,-0.4,0.5,-3,,Waivers,2/H,wynnsau01
760,Ryan Yarbrough,31,LAD,1,0,0,0,0,0,0,0,0.0,0,0,0.0,.500,.500,0.0,0.0,0,,Traded,1,yarbrry01
761,Mike Yastrzemski*,32,SFG,106,381,5,-1,0,9,-1,11,1.1,13,24,2.4,.511,.507,1.5,0.8,15,$6100000,Traded,987H/D,yastrmi01
762,Christian Yelich*,31,MIL,144,632,19,6,0,-3,-6,17,1.7,21,38,3.6,.512,.510,3.9,-0.9,41,$26000000,Traded,*7D/H,yelicch01
763,Juan Yepez,25,STL,28,65,-4,-1,0,-2,-1,-9,-0.9,2,-7,-0.7,.467,.494,-0.5,-0.4,-5,,Traded,DH/79,yepezju01
764,Masataka Yoshida*,29,BOS,140,580,8,-2,0,-4,-7,-5,-0.5,20,15,1.4,.496,.497,1.8,-1.1,19,$15600000,Free Agency,7D/H,yoshima02
765,Alex Young*,29,CIN,2,0,0,0,0,0,0,0,0.0,0,0,0.0,.500,.500,0.0,0.0,0,$1150000,Free Agency,1,youngal01
766,Jacob Young,23,WSN,33,121,-3,3,1,0,1,2,0.2,4,6,0.6,.506,.501,0.6,0.1,6,,Amateur Draft,8/DH,youngja03
767,Jared Young*,27,CHC,16,47,0,0,0,-3,-1,-3,-0.3,2,-1,-0.1,.482,.498,0.2,-0.4,2,,Amateur Draft,3/DH,youngja02
768,Seby Zavala,29,2TM,73,193,-13,0,-1,1,4,-9,-0.9,7,-2,-0.3,.487,.495,-0.4,0.5,-3,$732000,Waivers,/21H,zavalse01
769,Mike Zunino,32,CLE,42,140,-7,-1,0,-4,3,-9,-1.0,5,-5,-0.5,.477,.494,-0.1,-0.1,-1,$6000000,Free Agency,2,zuninmi01